Entry ID,Resolution (Ã…),Ligand ID,Ligand Name
6XRZ,6.9,,
7JTL,2.04,NA,SODIUM ION
7CAB,3.52,NAG,2-acetamido-2-deoxy-beta-D-glucopyranose
7C8J,3.18,ZN,ZINC ION
7C8D,3,ZN,ZINC ION
7C8K,3.2,NAG,2-acetamido-2-deoxy-beta-D-glucopyranose
7C8K,,ZN,ZINC ION
6WZO,1.42,,
6VW1,2.68,ZN,ZINC ION
6VW2,,CL,CHLORIDE ION
6VW3,,EDO,"1,2-ETHANEDIOL"
6VW4,,NAG,2-acetamido-2-deoxy-beta-D-glucopyranose
6VXX,2.8,NAG,2-acetamido-2-deoxy-beta-D-glucopyranose
6ZGG,3.8,,
6WZQ,1.45,SO4,SULFATE ION
6M3M,2.7,,
7BWJ,2.85,NAG,2-acetamido-2-deoxy-beta-D-glucopyranose
6VYB,3.2,NAG,2-acetamido-2-deoxy-beta-D-glucopyranose
6ZGE,2.6,NAG,2-acetamido-2-deoxy-beta-D-glucopyranose
6ZGI,2.9,NAG,2-acetamido-2-deoxy-beta-D-glucopyranose
7K3G,,,
6XEY,3.25,NAG,2-acetamido-2-deoxy-beta-D-glucopyranose
7CAI,3.49,NAG,2-acetamido-2-deoxy-beta-D-glucopyranose
7CAC,3.55,NAG,2-acetamido-2-deoxy-beta-D-glucopyranose
6LXT,2.9,PG4,TETRAETHYLENE GLYCOL
6LXT,,ZN,ZINC ION
7DK3,6,,
6X6P,3.22,NAG,2-acetamido-2-deoxy-beta-D-glucopyranose
7JV2,3.5,,
7DK6,4.3,,
7DK7,9.7,,
7DK4,3.8,,
7DK5,13.5,,
7CAH,3.9,,
7C01,2.88,NAG,2-acetamido-2-deoxy-beta-D-glucopyranose
7DF3,2.7,NAG,2-acetamido-2-deoxy-beta-D-glucopyranose
6ZGF,3.1,NAG,2-acetamido-2-deoxy-beta-D-glucopyranose
7JVA,3.6,,
7JV6,3,NAG,2-acetamido-2-deoxy-beta-D-glucopyranose
7JV4,3.4,NAG,2-acetamido-2-deoxy-beta-D-glucopyranose
7JVC,3.3,NAG,2-acetamido-2-deoxy-beta-D-glucopyranose
6XKQ,2.55,NAG,2-acetamido-2-deoxy-beta-D-glucopyranose
6XKP,2.72,NAG,2-acetamido-2-deoxy-beta-D-glucopyranose
,,SO4,SULFATE ION
7CAK,3.58,NAG,2-acetamido-2-deoxy-beta-D-glucopyranose
7CHB,2.4,,
7K8P,1.8,,
6XDC,2.9,,
7ACT,,,
7ACS,,,
7KS9,4.75,NAG,2-acetamido-2-deoxy-beta-D-glucopyranose
7CHF,2.674,,
7CHE,3.416,,
7AD1,2.92,NAG,2-acetamido-2-deoxy-beta-D-glucopyranose
7JW0,4.3,NAG,2-acetamido-2-deoxy-beta-D-glucopyranose
7K43,2.6,NAG,2-acetamido-2-deoxy-beta-D-glucopyranose
6YI3,,,
7DE1,2,PEG,DI(HYDROXYETHYL)ETHER
7CE0,1.5,,
7CDZ,1.8,,
6YUN,1.44,,
6ZGH,6.8,,
7DDN,6.3,,
7DDD,3,,
6ZXN,2.93,NAG,2-acetamido-2-deoxy-beta-D-glucopyranose
7B3C,3.4,ZN,ZINC ION
7B3B,3.1,ZN,ZINC ION
7B3D,2.8,ZN,ZINC ION
7JMX,2.53,SO4,SULFATE ION
,,ACT,ACETATE ION
6XCA,1.8,SO4,SULFATE ION
6X79,2.9,NAG,2-acetamido-2-deoxy-beta-D-glucopyranose
7K8V,3.8,NAG,2-acetamido-2-deoxy-beta-D-glucopyranose
7K8W,3.6,NAG,2-acetamido-2-deoxy-beta-D-glucopyranose
7K8T,3.4,NAG,2-acetamido-2-deoxy-beta-D-glucopyranose
7K8U,3.8,NAG,2-acetamido-2-deoxy-beta-D-glucopyranose
7K8X,"3.9, 3.9",NAG,2-acetamido-2-deoxy-beta-D-glucopyranose
7K8Y,"4.4, 4.4",NAG,2-acetamido-2-deoxy-beta-D-glucopyranose
7K90,3.24,NAG,2-acetamido-2-deoxy-beta-D-glucopyranose
7K8M,3.2,NAG,2-acetamido-2-deoxy-beta-D-glucopyranose
7K8S,3.4,NAG,2-acetamido-2-deoxy-beta-D-glucopyranose
7JZN,3.1,NAG,2-acetamido-2-deoxy-beta-D-glucopyranose
7JZL,2.7,NAG,2-acetamido-2-deoxy-beta-D-glucopyranose
7KFW,2.792,NAG,2-acetamido-2-deoxy-beta-D-glucopyranose
7KSG,3.33,NAG,2-acetamido-2-deoxy-beta-D-glucopyranose
7LD1,3.4,NAG,2-acetamido-2-deoxy-beta-D-glucopyranose
7LCN,3.35,NAG,2-acetamido-2-deoxy-beta-D-glucopyranose
7DD2,5.6,,
7DCC,4.3,,
7DCX,5.9,,
7DD8,7.5,,
6ZB5,2.85,NAG,2-acetamido-2-deoxy-beta-D-glucopyranose
,,EIC,LINOLEIC ACID
6ZB4,3.03,NAG,2-acetamido-2-deoxy-beta-D-glucopyranose
,,EIC,LINOLEIC ACID
6M0J,2.45,ZN,ZINC ION
,,CL,CHLORIDE ION
,,NAG,2-acetamido-2-deoxy-beta-D-glucopyranose
6WPT,"3.7, 3.7",NAG,2-acetamido-2-deoxy-beta-D-glucopyranose
6WPS,"3.1, 3.1",NAG,2-acetamido-2-deoxy-beta-D-glucopyranose
7K4N,3.3,NAG,2-acetamido-2-deoxy-beta-D-glucopyranose
7K8Z,3.5,NAG,2-acetamido-2-deoxy-beta-D-glucopyranose
7JX3,2.65,NAG,2-acetamido-2-deoxy-beta-D-glucopyranose
7JZU,3.1,,
7JZM,3.5,,
7KL9,4.1,NAG,2-acetamido-2-deoxy-beta-D-glucopyranose
7K45,3.7,,
7BYR,3.84,NAG,2-acetamido-2-deoxy-beta-D-glucopyranose
7KJ5,3.6,NAG,2-acetamido-2-deoxy-beta-D-glucopyranose
6XS6,3.7,,
7JXC,2.47,2PE,NONAETHYLENE GLYCOL
7JXD,2.5,,
7JXE,2.043,,
6ZCO,1.361,,
6LZG,2.5,NAG,2-acetamido-2-deoxy-beta-D-glucopyranose
,,ZN,ZINC ION
7DF4,3.8,NAG,2-acetamido-2-deoxy-beta-D-glucopyranose
7JMW,2.89,,
7JWY,2.5,NAG,2-acetamido-2-deoxy-beta-D-glucopyranose
7KFX,2.226,NAG,2-acetamido-2-deoxy-beta-D-glucopyranose
7KFY,2.157,NAG,2-acetamido-2-deoxy-beta-D-glucopyranose
7KFV,2.102,NAG,2-acetamido-2-deoxy-beta-D-glucopyranose
6XKL,3.21,NAG,2-acetamido-2-deoxy-beta-D-glucopyranose
6XM4,2.9,NAG,2-acetamido-2-deoxy-beta-D-glucopyranose
6XM3,2.9,NAG,2-acetamido-2-deoxy-beta-D-glucopyranose
6XLU,2.4,NAG,2-acetamido-2-deoxy-beta-D-glucopyranose
6XM5,3.1,NAG,2-acetamido-2-deoxy-beta-D-glucopyranose
6XM0,2.7,NAG,2-acetamido-2-deoxy-beta-D-glucopyranose
6YM0,4.36,,
6YOR,"3.3, 3.9",,
6Z97,3.4,NAG,2-acetamido-2-deoxy-beta-D-glucopyranose
7BNM,3.6,NAG,2-acetamido-2-deoxy-beta-D-glucopyranose
7BNN,3.5,NAG,2-acetamido-2-deoxy-beta-D-glucopyranose
7BNO,4.2,NAG,2-acetamido-2-deoxy-beta-D-glucopyranose
6XC2,3.112,NAG,2-acetamido-2-deoxy-beta-D-glucopyranose
6XC4,2.341,NAG,2-acetamido-2-deoxy-beta-D-glucopyranose
6XC3,2.698,,
6XCN,3.66,NAG,2-acetamido-2-deoxy-beta-D-glucopyranose
6XCM,3.42,NAG,2-acetamido-2-deoxy-beta-D-glucopyranose
7CHH,3.49,NAG,2-acetamido-2-deoxy-beta-D-glucopyranose
6YLA,2.42,DMS,DIMETHYL SULFOXIDE
,,MLI,MALONATE ION
,,NAG,2-acetamido-2-deoxy-beta-D-glucopyranose
,,1PE,PENTAETHYLENE GLYCOL
,,PG0,2-(2-METHOXYETHOXY)ETHANOL
7A25,3.06,NAG,2-acetamido-2-deoxy-beta-D-glucopyranose
6ZH9,3.31,,
6M2Q,1.7,,
7JWB,"6, 3.2",,
7L7K,3.29,,
7B3Y,3.7,,
7KNI,3.91,NAG,2-acetamido-2-deoxy-beta-D-glucopyranose
6XC7,2.883,,
6WJI,2.052,CL,CHLORIDE ION
6WKP,2.67,ZN,ZINC ION
,,MES,2-(N-MORPHOLINO)-ETHANESULFONIC ACID
7LK9,3.4,,
7JJI,3.6,NAG,2-acetamido-2-deoxy-beta-D-glucopyranose
,,VCG,"2-hydroxyethyl 2-deoxy-3,5-bis-O-(2-hydroxyethyl)-6-O-(2-{[(9E)-octadec-9-enoyl]oxy}ethyl)-alpha-L-xylo-hexofuranoside"
,,EIC,LINOLEIC ACID
7JJJ,4.5,NAG,2-acetamido-2-deoxy-beta-D-glucopyranose
7JMP,1.712,NAG,2-acetamido-2-deoxy-beta-D-glucopyranose
7JMO,2.359,NAG,2-acetamido-2-deoxy-beta-D-glucopyranose
6XF5,3.45,NAG,2-acetamido-2-deoxy-beta-D-glucopyranose
6XF6,4,NAG,2-acetamido-2-deoxy-beta-D-glucopyranose
7B17,4.01,NAG,2-acetamido-2-deoxy-beta-D-glucopyranose
7CH4,3.15,,
7CH5,2.7,,
7CHC,2.71,,
7A29,2.94,NAG,2-acetamido-2-deoxy-beta-D-glucopyranose
7A5S,3.9,,
7A5R,3.7,,
6ZOX,3,NAG,2-acetamido-2-deoxy-beta-D-glucopyranose
6ZOZ,3.5,NAG,2-acetamido-2-deoxy-beta-D-glucopyranose
6ZOY,3.1,NAG,2-acetamido-2-deoxy-beta-D-glucopyranose
6ZP1,3.3,NAG,2-acetamido-2-deoxy-beta-D-glucopyranose
6ZP0,3,NAG,2-acetamido-2-deoxy-beta-D-glucopyranose
6M2N,2.198,3WL,"5,6,7-trihydroxy-2-phenyl-4H-chromen-4-one"
6WOJ,2.2,APR,ADENOSINE-5-DIPHOSPHORIBOSE
7CZ4,2.64,APR,ADENOSINE-5-DIPHOSPHORIBOSE
7C33,3.83,APR,ADENOSINE-5-DIPHOSPHORIBOSE
7KKK,3.03,NAG,2-acetamido-2-deoxy-beta-D-glucopyranose
7KKL,2.85,NAG,2-acetamido-2-deoxy-beta-D-glucopyranose
7L06,3.3,NAG,2-acetamido-2-deoxy-beta-D-glucopyranose
7L09,3.1,NAG,2-acetamido-2-deoxy-beta-D-glucopyranose
7CN9,4.7,NAG,2-acetamido-2-deoxy-beta-D-glucopyranose
7C2L,3.1,NAG,2-acetamido-2-deoxy-beta-D-glucopyranose
6ZCZ,2.65,NAG,2-acetamido-2-deoxy-beta-D-glucopyranose
,,CL,CHLORIDE ION
,,MG,MAGNESIUM ION
6ZDH,3.7,NAG,2-acetamido-2-deoxy-beta-D-glucopyranose
6ZER,3.8,NAG,2-acetamido-2-deoxy-beta-D-glucopyranose
,,PO4,PHOSPHATE ION
6ZP2,3.1,NAG,2-acetamido-2-deoxy-beta-D-glucopyranose
,,EIC,LINOLEIC ACID
6WS6,3.3,JEF,O-(O-(2-AMINOPROPYL)-O'-(2-METHOXYETHYL)POLYPROPYLENE GLYCOL 500)
7LKA,1.981,ACT,ACETATE ION
7KJ4,3.4,NAG,2-acetamido-2-deoxy-beta-D-glucopyranose
7KJ2,3.6,NAG,2-acetamido-2-deoxy-beta-D-glucopyranose
7KJ3,3.7,NAG,2-acetamido-2-deoxy-beta-D-glucopyranose
7KMS,3.64,NAG,2-acetamido-2-deoxy-beta-D-glucopyranose
7KNE,3.85,NAG,2-acetamido-2-deoxy-beta-D-glucopyranose
7KNB,3.93,NAG,2-acetamido-2-deoxy-beta-D-glucopyranose
7KNH,3.74,NAG,2-acetamido-2-deoxy-beta-D-glucopyranose
7KMZ,3.62,NAG,2-acetamido-2-deoxy-beta-D-glucopyranose
7KDJ,3.49,NAG,2-acetamido-2-deoxy-beta-D-glucopyranose
7KDK,2.8,NAG,2-acetamido-2-deoxy-beta-D-glucopyranose
7KDH,3.33,NAG,2-acetamido-2-deoxy-beta-D-glucopyranose
7KDI,3.26,NAG,2-acetamido-2-deoxy-beta-D-glucopyranose
7KDL,2.96,NAG,2-acetamido-2-deoxy-beta-D-glucopyranose
7KDG,3.01,NAG,2-acetamido-2-deoxy-beta-D-glucopyranose
7KEC,3.84,NAG,2-acetamido-2-deoxy-beta-D-glucopyranose
7KEA,3.33,NAG,2-acetamido-2-deoxy-beta-D-glucopyranose
7KEB,3.48,NAG,2-acetamido-2-deoxy-beta-D-glucopyranose
7KE9,3.08,NAG,2-acetamido-2-deoxy-beta-D-glucopyranose
7KE4,3.21,NAG,2-acetamido-2-deoxy-beta-D-glucopyranose
7KE7,3.32,NAG,2-acetamido-2-deoxy-beta-D-glucopyranose
7KE8,3.26,NAG,2-acetamido-2-deoxy-beta-D-glucopyranose
7KE6,3.1,NAG,2-acetamido-2-deoxy-beta-D-glucopyranose
7KGK,2.6,,
7KGJ,2.3,,
7KLW,2.6,,
6ZWV,3.5,NAG,2-acetamido-2-deoxy-beta-D-glucopyranose
7A93,5.9,,
7BV2,2.5,ZN,ZINC ION
,,POP,PYROPHOSPHATE 2-
,,MG,MAGNESIUM ION
,,F86,"[(2~{R},3~{S},4~{R},5~{R})-5-(4-azanylpyrrolo[2,1-f][1,2,4]triazin-7-yl)-5-cyano-3,4-bis(oxidanyl)oxolan-2-yl]methyl dihydrogen phosphate"
7L0D,2.39,0EN,N-[(1R)-2-(tert-butylamino)-2-oxo-1-(pyridin-3-yl)ethyl]-N-(4-tert-butylphenyl)furan-2-carboxamide
7JVB,3.287,CAC,CACODYLATE ION
7KN5,1.87,EDO,"1,2-ETHANEDIOL"
,,NAG,2-acetamido-2-deoxy-beta-D-glucopyranose
6XE1,2.75,NAG,2-acetamido-2-deoxy-beta-D-glucopyranose
7A4N,2.75,NAG,2-acetamido-2-deoxy-beta-D-glucopyranose
6M17,2.9,NAG,2-acetamido-2-deoxy-beta-D-glucopyranose
,,LEU,LEUCINE
,,ZN,ZINC ION
7KGL,2.1,EDO,"1,2-ETHANEDIOL"
7C22,2,ACT,ACETATE ION
,,PEG,DI(HYDROXYETHYL)ETHER
5RGG,2.26,DMS,DIMETHYL SULFOXIDE
,,NZD,4-methyl-N-phenylpiperazine-1-carboxamide
5RGI,1.57,DMS,DIMETHYL SULFOXIDE
,,U0P,"N'-cyclopropyl-N-methyl-N-[(5-methyl-1,2-oxazol-3-yl)methyl]urea"
5RGH,1.7,DMS,DIMETHYL SULFOXIDE
,,U0M,"5-fluoro-1-[(5-methyl-1,3,4-thiadiazol-2-yl)methyl]-1,2,3,6-tetrahydropyridine"
5RG3,1.58,DMS,DIMETHYL SULFOXIDE
,,T9P,N~2~-acetyl-N~1~-prop-2-en-1-yl-L-aspartamide
5RG2,1.63,DMS,DIMETHYL SULFOXIDE
,,T9M,N~2~-acetyl-N-prop-2-en-1-yl-D-allothreoninamide
5RG1,1.65,DMS,DIMETHYL SULFOXIDE
,,T9J,Nalpha-acetyl-N-(3-bromoprop-2-yn-1-yl)-L-tyrosinamide
5RGS,1.72,DMS,DIMETHYL SULFOXIDE
,,S7V,[(2~{R})-4-(phenylmethyl)morpholin-2-yl]methanol
5RGR,1.41,DMS,DIMETHYL SULFOXIDE
,,K1G,"N,1-dimethyl-N-(propan-2-yl)-1H-pyrazolo[3,4-d]pyrimidin-4-amine"
5RGK,1.43,DMS,DIMETHYL SULFOXIDE
,,U0V,2-fluoro-N-[2-(pyridin-4-yl)ethyl]benzamide
5RGJ,1.34,DMS,DIMETHYL SULFOXIDE
,,U0S,(5S)-7-(pyrazin-2-yl)-2-oxa-7-azaspiro[4.4]nonane
5RGM,2.04,DMS,DIMETHYL SULFOXIDE
,,U1D,"N'-acetyl-4,5,6,7-tetrahydro-1-benzothiophene-2-carbohydrazide"
5RGL,1.76,DMS,DIMETHYL SULFOXIDE
,,U0Y,1-[4-(4-methylbenzene-1-carbonyl)piperazin-1-yl]ethan-1-one
5RGO,1.74,DMS,DIMETHYL SULFOXIDE
,,U1G,1-[4-(furan-2-carbonyl)piperazin-1-yl]ethan-1-one
5RGN,1.86,DMS,DIMETHYL SULFOXIDE
,,U1A,1-{4-[(4-methylphenyl)sulfonyl]piperazin-1-yl}ethan-1-one
5RGQ,2.15,DMS,DIMETHYL SULFOXIDE
,,U1V,1-(4-fluoro-2-methylphenyl)methanesulfonamide
5RGP,2.07,DMS,DIMETHYL SULFOXIDE
,,U1M,"1-{4-[(2,4-dimethylphenyl)sulfonyl]piperazin-1-yl}ethan-1-one"
6M71,2.9,,
6XEZ,3.5,ZN,ZINC ION
,,MG,MAGNESIUM ION
,,ADP,ADENOSINE-5'-DIPHOSPHATE
,,1N7,CHAPSO
,,AF3,ALUMINUM FLUORIDE
7KN6,2.55,NAG,2-acetamido-2-deoxy-beta-D-glucopyranose
7KN7,2.73,NAG,2-acetamido-2-deoxy-beta-D-glucopyranose
7L02,3.2,NAG,2-acetamido-2-deoxy-beta-D-glucopyranose
6XDG,3.9,,
7CM4,2.71,NI,NICKEL (II) ION
,,EDO,"1,2-ETHANEDIOL"
6ZDG,4.7,NAG,2-acetamido-2-deoxy-beta-D-glucopyranose
6ZFO,4.4,NAG,2-acetamido-2-deoxy-beta-D-glucopyranose
7KMB,3.39,NAG,2-acetamido-2-deoxy-beta-D-glucopyranose
7L7F,3.24,,
6WTM,1.85,,
6WEY,0.95,,
6Y2E,1.75,,
7BW4,3.7,ZN,ZINC ION
6WUU,2.79,ZN,ZINC ION
,,MG,MAGNESIUM ION
6WX4,1.655,ZN,ZINC ION
7K8N,1.65,SO4,SULFATE ION
,,GOL,GLYCEROL
,,PEG,DI(HYDROXYETHYL)ETHER
7K8O,1.95,GOL,GLYCEROL
,,SO4,SULFATE ION
7K8R,2,GOL,GLYCEROL
7K8Q,2,GOL,GLYCEROL
7KGQ,1.34,CD,CADMIUM ION
,,CA,CALCIUM ION
,,EDO,"1,2-ETHANEDIOL"
7KGR,1.55,,
7KGO,2.15,3NI,NICKEL (III) ION
,,CL,CHLORIDE ION
,,CD,CADMIUM ION
7KGP,1.396,ACT,ACETATE ION
,,CD,CADMIUM ION
,,NA,SODIUM ION
6X2A,3.3,,
6X2C,3.2,,
6X2B,3.6,,
6X29,2.7,,
7CWO,3.9,,
6W37,2.9,,
7KKJ,2.05,SO4,SULFATE ION
,,CL,CHLORIDE ION
7BBH,2.9,NAG,2-acetamido-2-deoxy-beta-D-glucopyranose
5R83,1.58,DMS,DIMETHYL SULFOXIDE
,,K0G,N-phenyl-N'-pyridin-3-ylurea
5R80,1.93,DMS,DIMETHYL SULFOXIDE
,,RZG,methyl 4-sulfamoylbenzoate
5R7Z,1.59,DMS,DIMETHYL SULFOXIDE
,,HWH,~{N}-[2-(5-fluoranyl-1~{H}-indol-3-yl)ethyl]ethanamide
5REA,1.63,DMS,DIMETHYL SULFOXIDE
,,JGP,"(azepan-1-yl)(2H-1,3-benzodioxol-5-yl)methanone"
5REC,1.73,DMS,DIMETHYL SULFOXIDE
,,T1J,2-{[(1H-benzimidazol-2-yl)amino]methyl}phenol
5REB,1.68,DMS,DIMETHYL SULFOXIDE
,,T0Y,1-[(thiophen-3-yl)methyl]piperidin-4-ol
5REE,1.77,DMS,DIMETHYL SULFOXIDE
,,T1M,"(2R,3R)-1-benzyl-2-methylpiperidin-3-ol"
5RED,1.47,DMS,DIMETHYL SULFOXIDE
,,JJG,4-[2-(phenylsulfanyl)ethyl]morpholine
5REG,1.67,DMS,DIMETHYL SULFOXIDE
,,LWA,(2~{S})-~{N}-(4-aminocarbonylphenyl)oxolane-2-carboxamide
5REF,1.61,DMS,DIMETHYL SULFOXIDE
,,6SU,methyl 3-(methylsulfonylamino)benzoate
5RE9,1.72,DMS,DIMETHYL SULFOXIDE
,,LPZ,2-(4-methylphenoxy)-1-(4-methylpiperazin-4-ium-1-yl)ethanone
5RE8,1.81,DMS,DIMETHYL SULFOXIDE
,,T0V,1-(3-fluorophenyl)-N-[(furan-2-yl)methyl]methanamine
5RE5,2.07,DMS,DIMETHYL SULFOXIDE
,,T0J,"N~1~-phenylpiperidine-1,4-dicarboxamide"
5RE4,1.88,DMS,DIMETHYL SULFOXIDE
,,SZY,N-(4-methylpyridin-3-yl)acetamide
5RE7,1.79,DMS,DIMETHYL SULFOXIDE
,,T0S,N-[(4-sulfamoylphenyl)methyl]acetamide
5RE6,1.87,DMS,DIMETHYL SULFOXIDE
,,O0S,N-{4-[(pyrimidin-2-yl)oxy]phenyl}acetamide
5RFB,1.48,DMS,DIMETHYL SULFOXIDE
,,K3S,"N-[(1-methyl-1H-1,2,3-triazol-4-yl)methyl]ethanamine"
5RFA,1.52,DMS,DIMETHYL SULFOXIDE
,,JGY,1-methyl-N-{[(2S)-oxolan-2-yl]methyl}-1H-pyrazole-3-carboxamide
5RFD,1.41,DMS,DIMETHYL SULFOXIDE
,,T6J,2-[(methylsulfonyl)methyl]-1H-benzimidazole
5RFC,1.4,DMS,DIMETHYL SULFOXIDE
,,K1Y,"methyl (2-methyl-4-phenyl-1,3-thiazol-5-yl)carbamate"
5RFF,1.78,DMS,DIMETHYL SULFOXIDE
,,T6M,1-{4-[(4-chlorophenyl)sulfonyl]piperazin-1-yl}ethan-1-one
5RFE,1.46,DMS,DIMETHYL SULFOXIDE
,,JGG,N-[(4-cyanophenyl)methyl]morpholine-4-carboxamide
5RFH,1.58,DMS,DIMETHYL SULFOXIDE
,,T6Y,1-{4-[(5-chlorothiophen-2-yl)methyl]piperazin-1-yl}ethan-1-one
5RFG,2.32,DMS,DIMETHYL SULFOXIDE
,,T6V,"N-[(3S)-1,1-dioxo-2,3-dihydro-1H-1lambda~6~-thiophen-3-yl]-N-phenylacetamide"
5REY,1.96,DMS,DIMETHYL SULFOXIDE
,,T4Y,"1-{4-[(2-methylphenyl)methyl]-1,4-diazepan-1-yl}ethan-1-one"
5REX,2.07,DMS,DIMETHYL SULFOXIDE
,,T4V,1-{4-[(naphthalen-1-yl)methyl]piperazin-1-yl}ethan-1-one
5RF9,1.43,DMS,DIMETHYL SULFOXIDE
,,S7D,1-[(2~{S})-2-methylmorpholin-4-yl]-2-pyrazol-1-yl-ethanone
5REZ,1.79,DMS,DIMETHYL SULFOXIDE
,,T54,"(1R,2S)-2-(thiophen-3-yl)cyclopentane-1-carboxamide"
5RF2,1.53,DMS,DIMETHYL SULFOXIDE
,,HVB,1-azanylpropylideneazanium
5REP,1.81,DMS,DIMETHYL SULFOXIDE
,,T3G,"1-{4-[(2,6-difluorophenyl)sulfonyl]piperazin-1-yl}ethan-1-one"
5RF1,1.73,DMS,DIMETHYL SULFOXIDE
,,T5G,4-bromobenzene-1-sulfonamide
5RES,1.65,DMS,DIMETHYL SULFOXIDE
,,T3V,1-{4-[(2-fluorophenyl)sulfonyl]piperazin-1-yl}ethan-1-one
5RF4,1.61,DMS,DIMETHYL SULFOXIDE
,,T5Y,pyridin-2-ol
5RER,1.88,DMS,DIMETHYL SULFOXIDE
,,T3J,1-[(2R)-2-(4-fluorophenyl)morpholin-4-yl]ethan-1-one
5RF3,1.5,DMS,DIMETHYL SULFOXIDE
,,T5V,pyrimidin-5-amine
5REU,1.69,DMS,DIMETHYL SULFOXIDE
,,T4D,2-[(4-acetylpiperazin-1-yl)sulfonyl]benzonitrile
5RF6,1.45,DMS,DIMETHYL SULFOXIDE
,,NTG,"5-(1,4-oxazepan-4-yl)pyridine-2-carbonitrile"
5RET,1.68,DMS,DIMETHYL SULFOXIDE
,,T47,1-{4-[(3-chlorophenyl)methyl]piperazin-1-yl}ethan-1-one
5RF5,1.74,DMS,DIMETHYL SULFOXIDE
,,HV2,"1,1-bis(oxidanylidene)thietan-3-ol"
5REW,1.55,DMS,DIMETHYL SULFOXIDE
,,T4M,N-[(1R)-1-(naphthalen-1-yl)ethyl]acetamide
5RF8,1.44,DMS,DIMETHYL SULFOXIDE
,,SFY,4-amino-N-(pyridin-2-yl)benzenesulfonamide
5REV,1.6,DMS,DIMETHYL SULFOXIDE
,,T4J,N-[3-(thiomorpholine-4-carbonyl)phenyl]acetamide
5RF7,1.54,DMS,DIMETHYL SULFOXIDE
,,T67,"1-(4-methylpiperazin-1-yl)-2-(1H-pyrrolo[2,3-b]pyridin-3-yl)ethan-1-one"
5REI,1.82,DMS,DIMETHYL SULFOXIDE
,,T1S,4-[(3-chlorophenyl)methyl]morpholine
5REH,1.8,DMS,DIMETHYL SULFOXIDE
,,AWP,1-cyclohexyl-3-(2-pyridin-4-ylethyl)urea
5REK,1.74,DMS,DIMETHYL SULFOXIDE
,,T1Y,1-{4-[(3-fluorophenyl)sulfonyl]piperazin-1-yl}ethan-1-one
5REJ,1.72,DMS,DIMETHYL SULFOXIDE
,,T1V,1-{4-[(thiophen-2-yl)sulfonyl]piperazin-1-yl}ethan-1-one
5REM,1.96,DMS,DIMETHYL SULFOXIDE
,,T2J,1 1-(4-(2-nitrophenyl)piperazin-1-yl)ethan-1-one
5REL,1.62,DMS,DIMETHYL SULFOXIDE
,,T2G,1-{4-[(3-methylphenyl)methyl]piperazin-1-yl}ethan-1-one
5REO,1.88,DMS,DIMETHYL SULFOXIDE
,,T2Y,"N-[(2H-1,3-benzodioxol-5-yl)methyl]acetamide"
5RF0,1.65,DMS,DIMETHYL SULFOXIDE
,,T5D,[1-(pyridin-2-yl)cyclopentyl]methanol
5REN,2.15,DMS,DIMETHYL SULFOXIDE
,,T2V,"1-[(3R)-3-(1,3-benzothiazol-2-yl)piperidin-1-yl]ethan-1-one"
5RFZ,1.68,DMS,DIMETHYL SULFOXIDE
,,T8V,N-(2-chloropyridin-3-yl)acetamide
5RFY,1.9,DMS,DIMETHYL SULFOXIDE
,,T8S,1-acetyl-N-methyl-N-(propan-2-yl)piperidine-4-carboxamide
5RFR,1.71,DMS,DIMETHYL SULFOXIDE
,,T81,1-{4-[(5-bromothiophen-2-yl)methyl]piperazin-1-yl}ethan-1-one
5RFQ,1.76,DMS,DIMETHYL SULFOXIDE
,,T7Y,N-[3-(2-oxopyrrolidin-1-yl)phenyl]acetamide
5RFT,1.58,DMS,DIMETHYL SULFOXIDE
,,T8A,"1-[(4S)-4-phenyl-3,4-dihydroisoquinolin-2(1H)-yl]ethan-1-one"
5RFS,1.7,DMS,DIMETHYL SULFOXIDE
,,T84,1-{4-[(thiophen-3-yl)methyl]piperazin-1-yl}ethan-1-one
5RFV,1.48,DMS,DIMETHYL SULFOXIDE
,,T8J,1-[4-(thiophene-2-carbonyl)piperazin-1-yl]ethan-1-one
5RFU,1.53,DMS,DIMETHYL SULFOXIDE
,,T8D,1-{4-[(5-chlorothiophen-2-yl)sulfonyl]piperazin-1-yl}ethan-1-one
5RFX,1.55,DMS,DIMETHYL SULFOXIDE
,,T8P,1-[4-(4-methoxyphenyl)piperazin-1-yl]ethan-1-one
5RFW,1.43,DMS,DIMETHYL SULFOXIDE
,,T8M,1-{4-[(thiophen-2-yl)methyl]piperazin-1-yl}ethan-1-one
5RFJ,1.8,DMS,DIMETHYL SULFOXIDE
,,T7A,"N-(4-methoxy-1,3-benzothiazol-2-yl)acetamide"
5RFI,1.69,DMS,DIMETHYL SULFOXIDE
,,T71,"1-{4-[(2,5-dimethylphenyl)sulfonyl]piperazin-1-yl}ethan-1-one"
5RFL,1.64,DMS,DIMETHYL SULFOXIDE
,,T7G,1-acetyl-N-(2-hydroxyphenyl)piperidine-4-carboxamide
5RFK,1.75,DMS,DIMETHYL SULFOXIDE
,,T7D,N-(1-acetylpiperidin-4-yl)benzamide
5RFN,1.8,DMS,DIMETHYL SULFOXIDE
,,T7P,"N-[(3R)-1,1-dioxo-2,3-dihydro-1H-1lambda~6~-thiophen-3-yl]-N-(4-fluorophenyl)acetamide"
5RFM,2.06,DMS,DIMETHYL SULFOXIDE
,,T7J,"N-[(3R)-1,1-dioxo-2,3-dihydro-1H-1lambda~6~-thiophen-3-yl]-N-(4-methylphenyl)acetamide"
5RFP,2.03,DMS,DIMETHYL SULFOXIDE
,,T7V,N-[(1S)-1-(3-chlorophenyl)ethyl]acetamide
5RFO,1.83,DMS,DIMETHYL SULFOXIDE
,,T7S,1-[4-(piperidine-1-carbonyl)piperidin-1-yl]ethan-1-one
5RG0,1.72,DMS,DIMETHYL SULFOXIDE
,,T8Y,"1,1'-(piperazine-1,4-diyl)di(ethan-1-one)"
5RHD,1.57,DMS,DIMETHYL SULFOXIDE
,,US7,1-[4-(methylsulfonyl)phenyl]piperazine
5RHC,1.58,USA,(E)-1-(1H-imidazol-2-yl)methanimine
,,DMS,DIMETHYL SULFOXIDE
5RHB,1.43,DMS,DIMETHYL SULFOXIDE
,,USD,(E)-1-(pyrimidin-2-yl)methanimine
6WTK,2,UED,N~2~-[(benzyloxy)carbonyl]-N-{(2S)-1-hydroxy-3-[(3S)-2-oxopyrrolidin-3-yl]propan-2-yl}-L-leucinamide
6WTJ,1.9,K36,"(1S,2S)-2-({N-[(benzyloxy)carbonyl]-L-leucyl}amino)-1-hydroxy-3-[(3S)-2-oxopyrrolidin-3-yl]propane-1-sulfonic acid"
6W4H,1.8,SO3,SULFITE ION
,,SAM,S-ADENOSYLMETHIONINE
,,ACT,ACETATE ION
,,BDF,beta-D-fructopyranose
,,ZN,ZINC ION
6W75,1.951,NA,SODIUM ION
,,SAM,S-ADENOSYLMETHIONINE
,,FMT,FORMIC ACID
,,ZN,ZINC ION
6Y2G,2.2,GLY,GLYCINE
,,O6K,"~{tert}-butyl ~{N}-[1-[(2~{S})-3-cyclopropyl-1-oxidanylidene-1-[[(2~{S},3~{R})-3-oxidanyl-4-oxidanylidene-1-[(3~{S})-2-oxidanylidenepyrrolidin-3-yl]-4-[(phenylmethyl)amino]butan-2-yl]amino]propan-2-yl]-2-oxidanylidene-pyridin-3-yl]carbamate"
6Y2F,1.95,DMS,DIMETHYL SULFOXIDE
,,O6K,"~{tert}-butyl ~{N}-[1-[(2~{S})-3-cyclopropyl-1-oxidanylidene-1-[[(2~{S},3~{R})-3-oxidanyl-4-oxidanylidene-1-[(3~{S})-2-oxidanylidenepyrrolidin-3-yl]-4-[(phenylmethyl)amino]butan-2-yl]amino]propan-2-yl]-2-oxidanylidene-pyridin-3-yl]carbamate"
7KLH,3,NAG,2-acetamido-2-deoxy-beta-D-glucopyranose
7KLG,3.2,NAG,2-acetamido-2-deoxy-beta-D-glucopyranose
7KMK,4.2,NAG,2-acetamido-2-deoxy-beta-D-glucopyranose
7KML,3.8,NAG,2-acetamido-2-deoxy-beta-D-glucopyranose
7L3N,3.27,NAG,2-acetamido-2-deoxy-beta-D-glucopyranose
6XRA,3,NAG,2-acetamido-2-deoxy-beta-D-glucopyranose
,,MAN,alpha-D-mannopyranose
6XR8,2.9,NAG,2-acetamido-2-deoxy-beta-D-glucopyranose
7CWM,3.6,NAG,2-acetamido-2-deoxy-beta-D-glucopyranose
7CWN,3.2,NAG,2-acetamido-2-deoxy-beta-D-glucopyranose
7CWL,3.8,NAG,2-acetamido-2-deoxy-beta-D-glucopyranose
6ZLR,3.1,NAG,2-acetamido-2-deoxy-beta-D-glucopyranose
6ZP5,3.1,NAG,2-acetamido-2-deoxy-beta-D-glucopyranose
,,MAN,alpha-D-mannopyranose
,,DMS,DIMETHYL SULFOXIDE
6ZP7,3.3,NAG,2-acetamido-2-deoxy-beta-D-glucopyranose
,,MAN,alpha-D-mannopyranose
,,DMS,DIMETHYL SULFOXIDE
6ZOW,3,NAG,2-acetamido-2-deoxy-beta-D-glucopyranose
,,MAN,alpha-D-mannopyranose
,,DMS,DIMETHYL SULFOXIDE
7AOL,1.47,DMS,DIMETHYL SULFOXIDE
,,IMD,IMIDAZOLE
,,RQH,"(1~{S})-1-(4-chloranylphenoxy)-1-imidazol-1-yl-3,3-dimethyl-butan-2-one"
7B3O,2,,
7B83,1.8,PK8,"9-oxa-7-thia-1-azonia-8$l^{2}-zincabicyclo[4.3.0]nona-1,3,5-triene"
,,IMD,IMIDAZOLE
,,DMS,DIMETHYL SULFOXIDE
,,CL,CHLORIDE ION
6WQF,2.3,,
6WXD,2,SO4,SULFATE ION
6W9Q,2.05,PO4,PHOSPHATE ION
7JIW,2.3,VBY,5-(acryloylamino)-2-methyl-N-[(1R)-1-(naphthalen-1-yl)ethyl]benzamide
,,ZN,ZINC ION
,,CL,CHLORIDE ION
,,MES,2-(N-MORPHOLINO)-ETHANESULFONIC ACID
6XG3,2.48,ZN,ZINC ION
,,PO4,PHOSPHATE ION
,,CL,CHLORIDE ION
7JPY,1.6,,
7JPZ,1.6,GHX,(phenylmethyl) N-[(2S)-1-oxidanylidene-1-[[(2S)-1-oxidanyl-3-[(3S)-2-oxidanylidenepyrrolidin-3-yl]propan-2-yl]amino]-3-phenyl-propan-2-yl]carbamate
7JQ0,1.65,VHV,N-[(benzyloxy)carbonyl]-L-valyl-N-{(2S)-1-hydroxy-3-[(3S)-2-oxopyrrolidin-3-yl]propan-2-yl}-L-leucinamide
7JQ1,1.65,VHJ,"N-[(benzyloxy)carbonyl]-L-valyl-N-{(2S)-1-hydroxy-3-[(3R)-2-oxo-3,4-dihydro-2H-pyrrol-3-yl]propan-2-yl}-L-phenylalaninamide"
7JQ4,1.65,XM2,N-[(benzyloxy)carbonyl]-O-tert-butyl-L-threonyl-N-{(2S)-1-hydroxy-3-[(3S)-2-oxopyrrolidin-3-yl]propan-2-yl}-L-phenylalaninamide
7JQ5,1.9,NOL,N-[(BENZYLOXY)CARBONYL]-O-(TERT-BUTYL)-L-THREONYL-3-CYCLOHEXYL-N-[(1S)-2-HYDROXY-1-{[(3S)-2-OXOPYRROLIDIN-3-YL]METHYL}ETHYL]-L-ALANINAMIDE
7JQ2,1.4,VHM,N-[(benzyloxy)carbonyl]-L-valyl-3-cyclohexyl-N-{(2S)-1-hydroxy-3-[(3S)-2-oxopyrrolidin-3-yl]propan-2-yl}-L-alaninamide
7JQ3,2.1,VHP,N-[(benzyloxy)carbonyl]-O-tert-butyl-L-threonyl-N-{(2S)-1-hydroxy-3-[(3S)-2-oxopyrrolidin-3-yl]propan-2-yl}-L-leucinamide
7K3Q,1.38,GOL,GLYCEROL
,,EDO,"1,2-ETHANEDIOL"
7CJD,2.501,ZN,ZINC ION
,,EDO,"1,2-ETHANEDIOL"
7CMD,2.59,TTT,5-amino-2-methyl-N-[(1R)-1-naphthalen-1-ylethyl]benzamide
,,ZN,ZINC ION
7C6U,2,K36,"(1S,2S)-2-({N-[(benzyloxy)carbonyl]-L-leucyl}amino)-1-hydroxy-3-[(3S)-2-oxopyrrolidin-3-yl]propane-1-sulfonic acid"
7C6S,1.6,U5G,boceprevir (bound form)
6M56,,,
7JX6,1.61,NA,SODIUM ION
7A98,5.4,,
7A97,4.4,,
7A92,4.2,NAG,2-acetamido-2-deoxy-beta-D-glucopyranose
,,ZN,ZINC ION
7A91,3.6,NAG,2-acetamido-2-deoxy-beta-D-glucopyranose
,,ZN,ZINC ION
7A94,3.9,NAG,2-acetamido-2-deoxy-beta-D-glucopyranose
,,ZN,ZINC ION
7A96,4.8,,
7A95,4.3,,
6W41,3.084,GOL,GLYCEROL
,,SO4,SULFATE ION
,,NAG,2-acetamido-2-deoxy-beta-D-glucopyranose
6WTT,2.15,K36,"(1S,2S)-2-({N-[(benzyloxy)carbonyl]-L-leucyl}amino)-1-hydroxy-3-[(3S)-2-oxopyrrolidin-3-yl]propane-1-sulfonic acid"
,,PEG,DI(HYDROXYETHYL)ETHER
,,GOL,GLYCEROL
,,CL,CHLORIDE ION
,,MG,MAGNESIUM ION
,,B1S,"(1R,2S)-2-({N-[(benzyloxy)carbonyl]-L-leucyl}amino)-1-hydroxy-3-[(3S)-2-oxopyrrolidin-3-yl]propane-1-sulfonic acid"
7L5B,3.18,,
5R84,1.83,GWS,2-cyclohexyl-~{N}-pyridin-3-yl-ethanamide
,,DMS,DIMETHYL SULFOXIDE
5R7Y,1.65,JFM,N-(2-phenylethyl)methanesulfonamide
,,DMS,DIMETHYL SULFOXIDE
,,CL,CHLORIDE ION
5R82,1.31,RZS,6-(ethylamino)pyridine-3-carbonitrile
,,DMS,DIMETHYL SULFOXIDE
5R81,1.95,RZJ,"1-methyl-3,4-dihydro-2~{H}-quinoline-7-sulfonamide"
,,DMS,DIMETHYL SULFOXIDE
5RHF,1.76,DMS,DIMETHYL SULFOXIDE
,,UPJ,1-acetyl-N-methyl-N-phenylpiperidine-4-carboxamide
5RHE,1.56,UPD,1-acetyl-N-(6-methoxypyridin-3-yl)piperidine-4-carboxamide
,,DMS,DIMETHYL SULFOXIDE
6WKQ,1.98,NA,SODIUM ION
,,SFG,SINEFUNGIN
,,FMT,FORMIC ACID
,,ZN,ZINC ION
6LU7,2.16,,
7JIT,1.95,Y95,5-[(carbamoylcarbamoyl)amino]-2-methyl-N-[(1R)-1-(naphthalen-1-yl)ethyl]benzamide
,,ZN,ZINC ION
,,CL,CHLORIDE ION
,,MES,2-(N-MORPHOLINO)-ETHANESULFONIC ACID
,,ACT,ACETATE ION
7JIR,2.09,TTT,5-amino-2-methyl-N-[(1R)-1-naphthalen-1-ylethyl]benzamide
,,ZN,ZINC ION
,,CL,CHLORIDE ION
,,MES,2-(N-MORPHOLINO)-ETHANESULFONIC ACID
,,ACT,ACETATE ION
7JIV,2.05,VBY,5-(acryloylamino)-2-methyl-N-[(1R)-1-(naphthalen-1-yl)ethyl]benzamide
,,ZN,ZINC ION
,,MES,2-(N-MORPHOLINO)-ETHANESULFONIC ACID
,,CL,CHLORIDE ION
,,ACT,ACETATE ION
7KJR,2.08,PEE,"1,2-Dioleoyl-sn-glycero-3-phosphoethanolamine"
7D1M,1.35,K36,"(1S,2S)-2-({N-[(benzyloxy)carbonyl]-L-leucyl}amino)-1-hydroxy-3-[(3S)-2-oxopyrrolidin-3-yl]propane-1-sulfonic acid"
,,DMS,DIMETHYL SULFOXIDE
7CXN,3.84,ZN,ZINC ION
7CXM,2.9,ZN,ZINC ION
6YZ1,2.4,SFG,SINEFUNGIN
,,MES,2-(N-MORPHOLINO)-ETHANESULFONIC ACID
,,ZN,ZINC ION
7K9Z,2.95,NAG,2-acetamido-2-deoxy-beta-D-glucopyranose
7CDJ,3.396,NAG,2-acetamido-2-deoxy-beta-D-glucopyranose
7CDI,2.96,NAG,2-acetamido-2-deoxy-beta-D-glucopyranose
7CJF,2.108,NAG,2-acetamido-2-deoxy-beta-D-glucopyranose
6YZ5,1.8,NAG,2-acetamido-2-deoxy-beta-D-glucopyranose
,,EDO,"1,2-ETHANEDIOL"
,,ACT,ACETATE ION
6ZBP,1.85,NAG,2-acetamido-2-deoxy-beta-D-glucopyranose
,,SO4,SULFATE ION
7K3N,1.65,,
7-Jun,"2.3, 2.5",,
6XQT,2.3,NNA,"(1R,2S,5S)-3-[N-({1-[(tert-butylsulfonyl)methyl]cyclohexyl}carbamoyl)-3-methyl-L-valyl]-N-{(1S)-1-[(1R)-2-(cyclopropyla
mino)-1-hydroxy-2-oxoethyl]pentyl}-6,6-dimethyl-3-azabicyclo[3.1.0]hexane-2-carboxamide"
6XQS,1.9,SV6,"(1S,3aR,6aS)-2-[(2S)-2-({(2S)-2-cyclohexyl-2-[(pyrazin-2-ylcarbonyl)amino]acetyl}amino)-3,3-dimethylbutanoyl]-N-[(2R,3S)-1-(cyclopropylamino)-2-hydroxy-1-oxohexan-3-yl]octahydrocyclopenta[c]pyrrole-1-carboxamide"
6XQU,2.2,U5G,boceprevir (bound form)
6ZSL,1.94,ZN,ZINC ION
,,PO4,PHOSPHATE ION
7BRO,2,,
6ZCT,2.55,ZN,ZINC ION
6XCH,2.2,,
6Z4U,1.95,15P,POLYETHYLENE GLYCOL (N=34)
7L2C,3.65,NAG,2-acetamido-2-deoxy-beta-D-glucopyranose
,,CA,CALCIUM ION
,,ACT,ACETATE ION
,,CAC,CACODYLATE ION
,,PGE,TRIETHYLENE GLYCOL
7KXJ,6.4,NAG,2-acetamido-2-deoxy-beta-D-glucopyranose
7KXK,5,NAG,2-acetamido-2-deoxy-beta-D-glucopyranose
7DPM,3.304,NAG,2-acetamido-2-deoxy-beta-D-glucopyranose
6Z43,3.3,NAG,2-acetamido-2-deoxy-beta-D-glucopyranose
6XMK,1.7,QYS,"(1S,2S)-2-[(N-{[(4,4-difluorocyclohexyl)methoxy]carbonyl}-L-leucyl)amino]-1-hydroxy-3-[(3S)-2-oxopyrrolidin-3-yl]propane-1-sulfonic acid"
,,PG4,TETRAETHYLENE GLYCOL
6WLC,1.82,U5P,URIDINE-5'-MONOPHOSPHATE
,,TRS,"2-AMINO-2-HYDROXYMETHYL-PROPANE-1,3-DIOL"
,,EDO,"1,2-ETHANEDIOL"
,,ACT,ACETATE ION
,,SO4,SULFATE ION
,,FMT,FORMIC ACID
6X1B,1.97,PO4,PHOSPHATE ION
,,EDO,"1,2-ETHANEDIOL"
6X4I,1.85,U3P,3'-URIDINEMONOPHOSPHATE
,,EDO,"1,2-ETHANEDIOL"
,,NA,SODIUM ION
6WXC,1.85,CMU,5-CHLORO-6-(1-(2-IMINOPYRROLIDINYL) METHYL) URACIL
,,PO4,PHOSPHATE ION
,,EDO,"1,2-ETHANEDIOL"
,,FMT,FORMIC ACID
6M0K,1.504,DMS,DIMETHYL SULFOXIDE
,,FJC,~{N}-[(2~{S})-3-(3-fluorophenyl)-1-oxidanylidene-1-[[(2~{S})-1-oxidanylidene-3-[(3~{S})-2-oxidanylidenepyrrolidin-3-yl]propan-2-yl]amino]propan-2-yl]-1~{H}-indole-2-carboxamide
6LZE,1.505,DMS,DIMETHYL SULFOXIDE
,,FHR,~{N}-[(2~{S})-3-cyclohexyl-1-oxidanylidene-1-[[(2~{S})-1-oxidanylidene-3-[(3~{S})-2-oxidanylidenepyrrolidin-3-yl]propan-2-yl]amino]propan-2-yl]-1~{H}-indole-2-carboxamide
7CYQ,2.83,ZN,ZINC ION
,,GDP,GUANOSINE-5'-DIPHOSPHATE
,,MG,MAGNESIUM ION
7BQY,1.7,,
7BRP,1.8,U5G,boceprevir (bound form)
7BV1,2.8,ZN,ZINC ION
7AAP,2.5,ZN,ZINC ION
,,MG,MAGNESIUM ION
,,POP,PYROPHOSPHATE 2-
,,GE6,"[[(2~{R},3~{S},4~{R},5~{R})-5-(3-aminocarbonyl-5-fluoranyl-2-oxidanylidene-pyrazin-1-yl)-3,4-bis(oxidanyl)oxolan-2-yl]methoxy-oxidanyl-phosphoryl] phosphono hydrogen phosphate"
6YYT,2.9,ZN,ZINC ION
7KDT,3.05,,
7BH9,2.9,ZN,ZINC ION
,,NAG,2-acetamido-2-deoxy-beta-D-glucopyranose
6W01,1.9,EDO,"1,2-ETHANEDIOL"
,,PEG,DI(HYDROXYETHYL)ETHER
,,CIT,CITRIC ACID
7D2Z,1.97,FMT,FORMIC ACID
,,GOL,GLYCEROL
,,ACT,ACETATE ION
6WIQ,2.85,,
6WQD,1.95,EDO,"1,2-ETHANEDIOL"
6WC1,2.4,SO4,SULFATE ION
7JKV,1.25,V7G,"N-[(2S)-1-({(1S,2S)-1-(1,3-benzothiazol-2-yl)-1-hydroxy-3-[(3S)-2-oxopyrrolidin-3-yl]propan-2-yl}amino)-4-methyl-1-oxopentan-2-yl]-4-methoxy-1H-indole-2-carboxamide"
,,1PE,PENTAETHYLENE GLYCOL
7JYC,1.79,NNA,"(1R,2S,5S)-3-[N-({1-[(tert-butylsulfonyl)methyl]cyclohexyl}carbamoyl)-3-methyl-L-valyl]-N-{(1S)-1-[(1R)-2-(cyclopropyla
mino)-1-hydroxy-2-oxoethyl]pentyl}-6,6-dimethyl-3-azabicyclo[3.1.0]hexane-2-carboxamide"
,,DMS,DIMETHYL SULFOXIDE
,,NA,SODIUM ION
7KHP,1.95,DMS,DIMETHYL SULFOXIDE
6XB1,1.8,NEN,"1-ETHYL-PYRROLIDINE-2,5-DIONE"
6XB0,1.8,DMS,DIMETHYL SULFOXIDE
6XB2,2.1,NEN,"1-ETHYL-PYRROLIDINE-2,5-DIONE"
,,DMS,DIMETHYL SULFOXIDE
6YHU,2,,
7JOY,2,,
7JP1,1.8,,
7K3T,1.2,DMS,DIMETHYL SULFOXIDE
7BQ7,2.37,SAM,S-ADENOSYLMETHIONINE
,,ZN,ZINC ION
6M18,2.9,NAG,2-acetamido-2-deoxy-beta-D-glucopyranose
,,3PH,"1,2-DIACYL-GLYCEROL-3-SN-PHOSPHATE"
,,ZN,ZINC ION
6M1D,4.5,,
6YVA,3.18,ZN,ZINC ION
6WJT,2,NA,SODIUM ION
,,SAH,S-ADENOSYL-L-HOMOCYSTEINE
,,FMT,FORMIC ACID
,,ZN,ZINC ION
6WQ3,2.1,SAH,S-ADENOSYL-L-HOMOCYSTEINE
,,GTA,"P1-7-METHYLGUANOSINE-P3-ADENOSINE-5',5'-TRIPHOSPHATE"
,,8NK,7-methylguanosine 5'-diphosphate
,,SO4,SULFATE ION
,,ZN,ZINC ION
6WRZ,2.25,SAH,S-ADENOSYL-L-HOMOCYSTEINE
,,GTA,"P1-7-METHYLGUANOSINE-P3-ADENOSINE-5',5'-TRIPHOSPHATE"
,,MGP,7-METHYL-GUANOSINE-5'-TRIPHOSPHATE
,,SO4,SULFATE ION
,,CL,CHLORIDE ION
,,ZN,ZINC ION
6WTC,1.85,ACY,ACETIC ACID
7K1L,2.25,UVC,"URIDINE-2',3'-VANADATE"
,,ACT,ACETATE ION
,,EDO,"1,2-ETHANEDIOL"
,,SO4,SULFATE ION
7CWU,3.5,NAG,2-acetamido-2-deoxy-beta-D-glucopyranose
7CWS,3.4,NAG,2-acetamido-2-deoxy-beta-D-glucopyranose
6WRH,1.6,ZN,ZINC ION
,,PO4,PHOSPHATE ION
,,CL,CHLORIDE ION
,,GOL,GLYCEROL
6WZU,1.79,ZN,ZINC ION
,,GOL,GLYCEROL
,,PO4,PHOSPHATE ION
,,CL,CHLORIDE ION
7DMU,3.2,NAG,2-acetamido-2-deoxy-beta-D-glucopyranose
,,ZN,ZINC ION
,,SO4,SULFATE ION
6W7Y,3.3,,
7KZC,2.3,CL,CHLORIDE ION
6WVN,2,CL,CHLORIDE ION
,,SAM,S-ADENOSYLMETHIONINE
,,GTA,"P1-7-METHYLGUANOSINE-P3-ADENOSINE-5',5'-TRIPHOSPHATE"
,,MGP,7-METHYL-GUANOSINE-5'-TRIPHOSPHATE
,,ADE,ADENINE
,,SO4,SULFATE ION
,,ZN,ZINC ION
7KZB,2.83,CL,CHLORIDE ION
6Z2M,2.71,NAG,2-acetamido-2-deoxy-beta-D-glucopyranose
6YZ7,3.3,NAG,2-acetamido-2-deoxy-beta-D-glucopyranose
5R8T,1.27,DMS,DIMETHYL SULFOXIDE
5RGZ,1.52,UH1,2-(3-cyanophenyl)-N-(pyridin-3-yl)acetamide
,,DMS,DIMETHYL SULFOXIDE
5RHA,1.51,T8M,1-{4-[(thiophen-2-yl)methyl]piperazin-1-yl}ethan-1-one
,,DMS,DIMETHYL SULFOXIDE
5RH4,1.34,UHG,(2R)-2-(6-chloro-9H-carbazol-2-yl)propanoic acid
,,DMS,DIMETHYL SULFOXIDE
5RH3,1.69,UHA,(2R)-2-(3-chlorophenyl)-N-(4-methylpyridin-3-yl)propanamide
,,DMS,DIMETHYL SULFOXIDE
5RGU,2.108,UGD,N-(3-{[(2R)-4-oxoazetidin-2-yl]oxy}phenyl)-2-(pyrimidin-5-yl)acetamide
,,DMS,DIMETHYL SULFOXIDE
5RH6,1.6,DMS,DIMETHYL SULFOXIDE
,,UHY,N-[(1R)-2-[(2-ethyl-6-methylphenyl)amino]-2-oxo-1-(pyridin-3-yl)ethyl]-N-[6-(propan-2-yl)pyridin-3-yl]propanamide
5RGT,2.22,DMS,DIMETHYL SULFOXIDE
,,UHS,"N-[(1R)-2-(tert-butylamino)-2-oxo-1-(pyridin-3-yl)ethyl]-N-(5-tert-butyl-1,2-oxazol-3-yl)propanamide"
5RH5,1.72,UHV,"N-(5-tert-butyl-1,2-oxazol-3-yl)-N-[(1R)-2-[(4-methoxy-2-methylphenyl)amino]-2-oxo-1-(pyridin-3-yl)ethyl]propanamide"
,,DMS,DIMETHYL SULFOXIDE
5RGW,1.43,UGM,2-(5-cyanopyridin-3-yl)-N-(pyridin-3-yl)acetamide
,,DMS,DIMETHYL SULFOXIDE
5RH8,1.81,DMS,DIMETHYL SULFOXIDE
,,UHM,"2-(cyanomethoxy)-N-[(1,2-thiazol-4-yl)methyl]benzamide"
5RGV,1.82,UGG,2-(isoquinolin-4-yl)-N-phenylacetamide
,,DMS,DIMETHYL SULFOXIDE
5RH7,1.71,DMS,DIMETHYL SULFOXIDE
,,UJ1,N-(5-tert-butyl-1H-pyrazol-3-yl)-N-[(1R)-2-[(2-ethyl-6-methylphenyl)amino]-2-oxo-1-(pyridin-3-yl)ethyl]propanamide
5RGY,1.976,UGS,N-(4-methoxypyridin-2-yl)-2-(naphthalen-2-yl)acetamide
,,DMS,DIMETHYL SULFOXIDE
5RGX,1.69,UGP,2-(3-cyanophenyl)-N-(4-methylpyridin-3-yl)acetamide
,,DMS,DIMETHYL SULFOXIDE
5RH9,1.91,DMS,DIMETHYL SULFOXIDE
,,UJ4,N-{4-[(1S)-1-methoxyethyl]phenyl}-N-[(1R)-2-[(4-methoxy-2-methylphenyl)amino]-2-oxo-1-(pyridin-3-yl)ethyl]propanamide
5RH0,1.916,UH4,N-(5-methylthiophen-2-yl)-N'-pyridin-3-ylurea
,,DMS,DIMETHYL SULFOXIDE
5RH2,1.827,UH7,2-(3-chlorophenyl)-N-(4-methylpyridin-3-yl)acetamide
,,DMS,DIMETHYL SULFOXIDE
5RH1,1.96,UGV,2-(5-chlorothiophen-2-yl)-N-(pyridin-3-yl)acetamide
,,DMS,DIMETHYL SULFOXIDE
6WNP,1.443,U5G,boceprevir (bound form)
7K6D,1.48,DMS,DIMETHYL SULFOXIDE
,,SV6,"(1S,3aR,6aS)-2-[(2S)-2-({(2S)-2-cyclohexyl-2-[(pyrazin-2-ylcarbonyl)amino]acetyl}amino)-3,3-dimethylbutanoyl]-N-[(2R,3S)-1-(cyclopropylamino)-2-hydroxy-1-oxohexan-3-yl]octahydrocyclopenta[c]pyrrole-1-carboxamide"
7K6E,1.63,DMS,DIMETHYL SULFOXIDE
,,SV6,"(1S,3aR,6aS)-2-[(2S)-2-({(2S)-2-cyclohexyl-2-[(pyrazin-2-ylcarbonyl)amino]acetyl}amino)-3,3-dimethylbutanoyl]-N-[(2R,3S)-1-(cyclopropylamino)-2-hydroxy-1-oxohexan-3-yl]octahydrocyclopenta[c]pyrrole-1-carboxamide"
7KVG,2.8,,
6XHU,1.8,,
6XQB,3.4,ZN,ZINC ION
,,MG,MAGNESIUM ION
7K0R,3.3,U5P,URIDINE-5'-MONOPHOSPHATE
,,PO4,PHOSPHATE ION
6VWW,2.2,GOL,GLYCEROL
,,MG,MAGNESIUM ION
,,ACY,ACETIC ACID
,,CL,CHLORIDE ION
7KGS,1.58,CD,CADMIUM ION
,,ACT,ACETATE ION
7KGT,1.9,CD,CADMIUM ION
,,NA,SODIUM ION
,,ACT,ACETATE ION
7L0N,2.78,CL,CHLORIDE ION
,,SO4,SULFATE ION
,,NA,SODIUM ION
,,PG5,1-METHOXY-2-[2-(2-METHOXY-ETHOXY]-ETHANE
,,PG4,TETRAETHYLENE GLYCOL
,,ZN,ZINC ION
,,NAG,2-acetamido-2-deoxy-beta-D-glucopyranose
,,PGE,TRIETHYLENE GLYCOL
6ZPE,1.58,ZN,ZINC ION
,,GOL,GLYCEROL
,,CL,CHLORIDE ION
7BZF,3.26,ZN,ZINC ION
6YNQ,1.8,P6N,"(2~{S})-2-methyl-3,4-dihydro-2~{H}-naphthalen-1-one"
,,DMS,DIMETHYL SULFOXIDE
,,CL,CHLORIDE ION
6YVF,1.6,A82,"2-[[(1R)-1-(7-methyl-2-morpholin-4-yl-4-oxidanylidene-pyrido[1,2-a]pyrimidin-9-yl)ethyl]amino]benzoic acid"
,,CL,CHLORIDE ION
,,DMS,DIMETHYL SULFOXIDE
,,PEG,DI(HYDROXYETHYL)ETHER
,,CA,CALCIUM ION
7C2K,2.93,ZN,ZINC ION
6WKS,1.8,SAM,S-ADENOSYLMETHIONINE
,,ADN,ADENOSINE
,,GTA,"P1-7-METHYLGUANOSINE-P3-ADENOSINE-5',5'-TRIPHOSPHATE"
,,ZN,ZINC ION
,,EDO,"1,2-ETHANEDIOL"
7KOK,2,Y96,5-[(E)-(hydroxyimino)methyl]-2-methyl-N-[(1R)-1-(naphthalen-1-yl)ethyl]benzamide
,,ZN,ZINC ION
,,CL,CHLORIDE ION
,,ACT,ACETATE ION
,,MES,2-(N-MORPHOLINO)-ETHANESULFONIC ACID
,,UNX,UNKNOWN ATOM OR ION
7KOL,2.58,Y96,5-[(E)-(hydroxyimino)methyl]-2-methyl-N-[(1R)-1-(naphthalen-1-yl)ethyl]benzamide
,,ZN,ZINC ION
,,CL,CHLORIDE ION
,,MES,2-(N-MORPHOLINO)-ETHANESULFONIC ACID
7KOJ,2.02,Y94,2-methyl-N-[(1R)-1-(naphthalen-1-yl)ethyl]-5-{[(prop-2-en-1-yl)carbamoyl]amino}benzamide
,,ZN,ZINC ION
,,CL,CHLORIDE ION
,,MES,2-(N-MORPHOLINO)-ETHANESULFONIC ACID
,,ACT,ACETATE ION
,,UNX,UNKNOWN ATOM OR ION
7KRX,2.72,Y41,3-amino-2-methyl-N-[(1R)-1-(naphthalen-1-yl)ethyl]benzamide
,,ZN,ZINC ION
,,CL,CHLORIDE ION
,,ACT,ACETATE ION
,,UNX,UNKNOWN ATOM OR ION
7LLZ,2.9,Y61,N-[(1R)-1-(3-{5-[(acetylamino)methyl]thiophen-2-yl}phenyl)ethyl]-5-[(azetidin-3-yl)amino]-2-methylbenzamide
,,ZN,ZINC ION
,,SO4,SULFATE ION
7LOS,2.9,ZN,ZINC ION
,,SO4,SULFATE ION
,,Y97,5-(azetidin-3-ylamino)-2-methyl-~{N}-[(1~{R})-1-[3-[5-[[[(3~{R})-oxolan-3-yl]amino]methyl]thiophen-2-yl]phenyl]ethyl]benzamide
,,CL,CHLORIDE ION
6WAR,3.4,NAG,2-acetamido-2-deoxy-beta-D-glucopyranose
6VGZ,2.25,QZG,N-{(2S)-1-hydroxy-3-[(3S)-2-oxopyrrolidin-3-yl]propan-2-yl}-N~2~-({[trans-4-(propan-2-yl)cyclohexyl]oxy}carbonyl)-L-leucinamide
6VGY,2.05,QZJ,N~2~-{[(trans-4-ethylcyclohexyl)oxy]carbonyl}-N-{(2S)-1-hydroxy-3-[(3S)-2-oxopyrrolidin-3-yl]propan-2-yl}-L-leucinamide
6VH1,2.3,QZ7,"N~2~-{[(4,4-difluorocyclohexyl)oxy]carbonyl}-N-{(2S)-1-hydroxy-3-[(3S)-2-oxopyrrolidin-3-yl]propan-2-yl}-L-leucinamide"
6VH0,1.95,QZD,"N~2~-{[(5-ethyl-1,3-dioxan-5-yl)oxy]carbonyl}-N-{(2S)-1-hydroxy-3-[(3S)-2-oxopyrrolidin-3-yl]propan-2-yl}-L-leucinamide"
6VH3,2.2,QYS,"(1S,2S)-2-[(N-{[(4,4-difluorocyclohexyl)methoxy]carbonyl}-L-leucyl)amino]-1-hydroxy-3-[(3S)-2-oxopyrrolidin-3-yl]propane-1-sulfonic acid"
6VH2,2.26,QZ4,"4,4-difluorocyclohexyl [(2S)-3-cyclohexyl-1-({(2S)-1-hydroxy-3-[(3S)-2-oxopyrrolidin-3-yl]propan-2-yl}amino)-1-oxopropan-2-yl]carbamate"
7CT5,4,NAG,2-acetamido-2-deoxy-beta-D-glucopyranose
7K5I,2.9,MG,MAGNESIUM ION
,,ZN,ZINC ION
5RVN,1.26,ANN,4-METHOXYBENZOIC ACID
5RVM,1.03,HBD,4-HYDROXYBENZAMIDE
5RVP,1.04,1SQ,ISOQUINOLIN-1-AMINE
5RVO,1.52,AQO,2-AMINOQUINAZOLIN-4(3H)-ONE
5RVB,1,7PD,"2-aminopteridine-4,7(3H,8H)-dione"
5RVA,1,HQD,3-HYDROXY-2-METHYLQUINOLIN-4(1H)-ONE
5RVD,1,W7Y,"4-[(2R)-2-cyclobutylpyrrolidin-1-yl]-7H-pyrrolo[2,3-d]pyrimidine"
5RVC,1,W7V,"(1R,5R)-N-methyl-N-(1H-pyrazol-4-yl)bicyclo[3.1.0]hexane-1-carboxamide"
5RVF,1,W8D,3-{[(2R)-oxolan-2-yl]methyl}-3H-purin-6-amine
5RVE,1,W8A,{[(2S)-1-oxo-1-(2-oxoimidazolidin-1-yl)propan-2-yl]sulfanyl}acetic acid
5RVH,0.98,Q3C,quinoline-3-carboxylic acid
5RVG,1,W8J,3-{3-[(3S)-oxolan-3-yl]propyl}-3H-purin-6-amine
5RUY,1,XAN,XANTHINE
5RUX,1,W6P,"1,3-dihydro-2H-indol-2-one"
5RV9,1,EKZ,"4-tert-butylbenzene-1,2-diol"
5RUZ,1,W6S,4-(1H-pyrazol-3-yl)piperidine
5RL0,1.69,VEG,ethyl N-[(2R)-2-[(4-tert-butylphenyl)(propanoyl)amino]-2-(pyridin-3-yl)acetyl]-beta-alaninate
,,DMS,DIMETHYL SULFOXIDE
5RL2,1.48,VEM,N-(4-tert-butylphenyl)-N-[(1R)-2-[(2-methoxyethyl)amino]-2-oxo-1-(pyridin-3-yl)ethyl]propanamide
,,DMS,DIMETHYL SULFOXIDE
5RL1,1.65,VEJ,N-(4-tert-butylphenyl)-N-[(1R)-2-[(3-methoxypropyl)amino]-2-oxo-1-(pyridin-3-yl)ethyl]propanamide
,,DMS,DIMETHYL SULFOXIDE
5RL4,1.53,DMS,DIMETHYL SULFOXIDE
,,VEV,N-(4-tert-butylphenyl)-N-[(1R)-2-(methylamino)-2-oxo-1-(pyridin-3-yl)ethyl]propanamide
5RL3,1.51,DMS,DIMETHYL SULFOXIDE
,,VEP,N-(4-tert-butylphenyl)-N-[(1R)-2-[(oxan-4-yl)amino]-2-oxo-1-(pyridin-3-yl)ethyl]propanamide
5RL5,1.58,DMS,DIMETHYL SULFOXIDE
,,VEY,N-(4-tert-butylphenyl)-N-[(1R)-2-(ethylamino)-2-oxo-1-(pyridin-3-yl)ethyl]propanamide
5S2D,1.06,U0P,"N'-cyclopropyl-N-methyl-N-[(5-methyl-1,2-oxazol-3-yl)methyl]urea"
5RSO,1.03,TYZ,PARA ACETAMIDO BENZOIC ACID
5RT0,1,4BL,6-methyl-1H-indole-2-carboxylic acid
5RSN,1,51X,"(1,3-dioxo-1,3-dihydro-2H-isoindol-2-yl)acetic acid"
5RSQ,1,MOK,"5-methyl-3-phenyl-1,2-oxazole-4-carboxylic acid"
5RT2,1,5OF,2-(4-oxidanylidene-3~{H}-phthalazin-1-yl)ethanoic acid
5RSP,1.02,LSA,"1,2-BENZISOTHIAZOL-3(2H)-ONE 1,1-DIOXIDE"
5RT1,1,3A9,"2,3-dihydro-1-benzofuran-5-carboxylic acid"
5RSS,1,NC3,N-[(CYCLOHEXYLAMINO)CARBONYL]GLYCINE
5RT4,1.02,4BX,3-(1H-benzimidazol-2-yl)propanoic acid
5RSR,1,XIY,2-HYDROXYMETHYL-BENZOIMIDAZOLE
5RT3,1.05,2FX,1-benzothiophen-2-ylacetic acid
5RSU,1,OHB,salicylamide
5RT6,1,05R,"2-(3,4-dichlorophenyl)ethanoic acid"
,,DMS,DIMETHYL SULFOXIDE
5RST,1,5HN,5-hydroxypyridine-3-carboxylic acid
5RT5,1,07L,7-hydroxy-2H-chromen-2-one
5RSG,1,W5J,"N-methyl-N-7H-pyrrolo[2,3-d]pyrimidin-4-yl-beta-alanine"
5RSF,1,W5M,"9-methyl-9H-purine-2,6-diamine"
5RSI,1.01,W5D,"4-(1,4-oxazonan-4-yl)-7H-pyrrolo[2,3-d]pyrimidine"
5RSH,1,W5G,"4-(5-azaspiro[2.5]octan-5-yl)-7H-pyrrolo[2,3-d]pyrimidine"
5RSK,1,W57,"3-[(3-methoxy-1,2-oxazol-5-yl)methyl]-3H-purin-6-amine"
5RSJ,1,W5A,"3-[(2-methyl-1,3-thiazol-4-yl)methyl]-3H-purin-6-amine"
5RSM,1.02,4SO,4-sulfamoylbenzoic acid
5RSL,1,W51,"6-[(1s,4s)-2-azabicyclo[2.2.2]octan-2-yl]-5-chloropyrimidin-4-amine"
5RSC,1.01,W5S,"7-[(furan-2-yl)methyl]-5,6-dimethyl-7H-pyrrolo[2,3-d]pyrimidin-4-amine"
5RSB,1,W4S,"7-methyl-7H-pyrrolo[2,3-d]pyrimidin-4-amine"
5RSE,1,W5P,"4-[(3R)-3-fluoropiperidin-1-yl]-7H-pyrrolo[2,3-d]pyrimidine"
5RSD,1,1LQ,quinazolin-4-amine
5RS7,1,W4Y,"1-{2-[(propan-2-yl)oxy]ethyl}-2-sulfanylidene-1,2,3,5-tetrahydro-4H-pyrrolo[3,2-d]pyrimidin-4-one"
5RS9,1,W4V,"6,7-dihydro-5H-cyclopenta[d][1,2,4]triazolo[1,5-a]pyrimidin-8-amine"
5RS8,1.01,H35,N-(FURAN-2-YLMETHYL)-7H-PURIN-6-AMINE
5RTP,1,AOT,2-oxidanylidene-2-phenylazanyl-ethanoic acid
5RU1,1,DFA,DIPHENYLACETIC ACID
5RTO,1,4PN,4-PIPERIDINO-PIPERIDINE
5RU0,1,2CL,"(2,6-DICHLOROPHENYL)ACETIC ACID"
5RTR,1,SHA,SALICYLHYDROXAMIC ACID
5RU3,1,8H8,2-fluoro-4-hydroxybenzonitrile
5RTQ,1,4JO,5-bromo-6-methylpyridin-2-amine
5RU2,1,06Y,2-phenoxyethanoic acid
5RTT,1,NMI,3-(1-methyl-1H-indol-3-yl)propanoic acid
5RU5,1,BXW,"3-oxo-3,4-dihydro-2H-1,4-benzothiazine-7-carboxylic acid"
5RTS,1,0LO,5-phenylpyridine-3-carboxylic acid
5RU4,1,6V9,"2-methyl-1,3-thiazole-5-carboxylic acid"
5RTV,1,PF0,3-hydroxy-2-methylbenzoic acid
,,DMS,DIMETHYL SULFOXIDE
5RU7,1,PYD,"2,5-DIMETHYL-PYRIMIDIN-4-YLAMINE"
5RTU,1,1FF,1-methyl-5-phenyl-1H-pyrazole-4-carboxylic acid
5RU6,1,2UP,naphthalene-2-carboximidamide
5RTH,1,3BZ,3-chlorobenzoate
5RTG,1.01,3HP,3-HYDROXYPHENYLACETATE
5RTJ,1,PHB,P-HYDROXYBENZOIC ACID
5RTI,1.01,6U6,"3-(5-chloranyl-1,3-benzothiazol-2-yl)propanoic acid"
5RTL,1,4J8,4-methylbenzenesulfonamide
5RTK,1,BZX,"1,3-benzodioxol-5-ol"
5RTN,1,AQO,2-AMINOQUINAZOLIN-4(3H)-ONE
5RTM,1,PZA,PYRAZINE-2-CARBOXAMIDE
5RTB,1.04,3XH,3-Hydroxyhippuric acid
5RTA,1,Q6T,"1,3-benzodioxole-4-carboxylic acid"
5RTD,1.04,MHW,3-HYDROXYPICOLINIC ACID
5RTC,1.06,EVE,1H-benzimidazole-2-sulfonamide
5RTF,1,ISN,ISATIN
5RTE,1,4FL,4-(1H-imidazol-2-yl)pyridine
5RSW,1,6FZ,"2,3-dihydro-1H-indene-2-carboxylic acid"
5RT8,1,HLR,"1,2-benzoxazol-3-amine"
5RSV,1.03,4MB,4-[(METHYLSULFONYL)AMINO]BENZOIC ACID
5RT7,1,GVH,"1H-PYRROLO[2,3-B]PYRIDINE"
5RSY,1.04,3R6,2-hydroxy-5-(methylsulfanyl)benzoic acid
5RSX,1,YTX,2-(3-methoxy-4-oxidanyl-phenyl)ethanoic acid
,,DMS,DIMETHYL SULFOXIDE
5RT9,1.01,54G,2-hydroxy-5-methylbenzoic acid
,,DMS,DIMETHYL SULFOXIDE
5RSZ,1.02,ZZA,1-PHENYL-1H-PYRAZOLE-4-CARBOXYLIC ACID
5RUQ,1,W6D,1H-indole-4-carboxamide
5RV2,1.01,W7S,N-benzylpyrazine-2-carboxamide
5RUP,1,04R,"[3-(trifluoromethyl)-4,5,6,7-tetrahydro-1H-indazol-1-yl]acetic acid"
5RV1,1,TFA,trifluoroacetic acid
5RUS,1,HSM,HISTAMINE
5RV4,1,4FS,quinolin-3-amine
5S74,0.96,EDO,"1,2-ETHANEDIOL"
5RUR,1,FBB,"6-fluoro-1,3-benzothiazol-2-amine"
5RV3,1.02,MYI,(5-methoxy-1H-indol-3-yl)acetic acid
5S73,1.06,,
5RUU,1.01,W6G,"N-(1,3,4-thiadiazol-2-yl)benzenesulfonamide"
5RV6,1,0HN,"1,3-benzodioxole-5-carboxylic acid"
5RUT,1,APG,ATROLACTIC ACID (2-PHENYL-LACTIC ACID)
5RV5,1,JG8,"BENZOFURO[3,2-D]PYRIMIDIN-4(3H)-ONE"
5RUW,1,W6M,"3-{[(3-methyl-1,2,4-oxadiazol-5-yl)methyl]carbamoyl}benzoic acid"
5RV8,1,8EJ,6-methylpyridine-3-carboxamide
5RUV,1,W6J,"1-(pyridin-2-yl)-1,4-diazepane"
5RV7,1,JNZ,1H-indazol-3-amine
5RUI,1,4YS,isoquinolin-1(2H)-one
5RUH,1,KNL,"(2,6-dichlorophenoxy)acetic acid"
5RUK,1.05,NVU,"2-(1,2-benzoxazol-3-yl)ethanoic acid"
5RUJ,1.01,2SX,(5-bromo-1H-indol-3-yl)acetic acid
5RUM,1,52F,"3-(3-oxo-3,4-dihydroquinoxalin-2-yl)propanoic acid"
5RUL,1,5ZE,"4,6-dimethylpyrimidin-2-amine"
5RUO,1,W6A,4-chloro-1H-indole-2-carboxylic acid
5RV0,1,W6V,"N-(1,3-thiazol-2-yl)benzamide"
5RUN,1,EXB,3-(1H-benzimidazol-1-yl)propanoic acid
5RUA,1,3EU,"(3,5-dichlorophenyl)acetic acid"
,,DMS,DIMETHYL SULFOXIDE
5RUE,1.02,BHA,2-HYDROXY-4-AMINOBENZOIC ACID
5RUD,1,2D0,"4-chloro-1,3-benzothiazol-2-amine"
5RUG,1,NOA,NAPHTHYLOXYACETIC ACID
5RUF,1,54T,"6-chloro-1,3-benzothiazol-2-amine"
5RTX,1,6OT,"3,5-dichlorobenzene-1-sulfonamide"
5RU9,1,4SV,3-AMINOPYRIDINE-4-CARBOXYLIC ACID
5RTW,1,OHP,(2-HYDROXYPHENYL)ACETIC ACID
5RU8,1,1SQ,ISOQUINOLIN-1-AMINE
5RTZ,1,FHB,3-FLUORO-4-HYDROXYBENZOIC ACID
5RTY,1,HBD,4-HYDROXYBENZAMIDE
5RVR,1.04,LZ1,1H-indazole
5RVQ,1.08,4BY,5-methyl-1H-indole-2-carboxylic acid
5RVT,1.26,4BL,6-methyl-1H-indole-2-carboxylic acid
5RVS,1.52,0LO,5-phenylpyridine-3-carboxylic acid
5RVV,1.42,WB1,6-methyl-1H-indole-3-carboxylic acid
5RVU,1.2,6P3,6-phenylpyridine-3-carboxylic acid
5RVJ,1.2,4JQ,6-amino-2H-chromen-2-one
5RVI,0.94,CLW,CHLORZOXAZONE
5RVL,1.36,BVF,4-METHYLPYRIDIN-2-AMINE
5RVK,1.46,2AK,"7-bromo-5-methyl-1H-indole-2,3-dione"
6XOA,2.1,EDO,"1,2-ETHANEDIOL"
6W02,1.5,APR,ADENOSINE-5-DIPHOSPHORIBOSE
,,EDO,"1,2-ETHANEDIOL"
6W6Y,1.451,AMP,ADENOSINE MONOPHOSPHATE
,,MES,2-(N-MORPHOLINO)-ETHANESULFONIC ACID
6VXS,2.03,SO4,SULFATE ION
,,NHE,2-[N-CYCLOHEXYLAMINO]ETHANE SULFONIC ACID
,,EDO,"1,2-ETHANEDIOL"
6W9C,2.7,ZN,ZINC ION
,,CL,CHLORIDE ION
6WCF,1.065,MES,2-(N-MORPHOLINO)-ETHANESULFONIC ACID
6WEN,1.35,CL,CHLORIDE ION
6M5I,2.496,,
7JN2,1.93,Y41,3-amino-2-methyl-N-[(1R)-1-(naphthalen-1-yl)ethyl]benzamide
,,ZN,ZINC ION
,,CL,CHLORIDE ION
,,ACT,ACETATE ION
,,UNX,UNKNOWN ATOM OR ION
7JME,1.55,CMP,"ADENOSINE-3',5'-CYCLIC-MONOPHOSPHATE"
7JVZ,2.5,,
7K7P,1.77,,
7KAG,3.21,EDO,"1,2-ETHANEDIOL"
,,SO4,SULFATE ION
7KEH,2.59,B3P,"2-[3-(2-HYDROXY-1,1-DIHYDROXYMETHYL-ETHYLAMINO)-PROPYLAMINO]-2-HYDROXYMETHYL-PROPANE-1,3-DIOL"
,,SO4,SULFATE ION
7KFI,1.6,DMS,DIMETHYL SULFOXIDE
,,PEG,DI(HYDROXYETHYL)ETHER
7KOA,2.4,GTA,"P1-7-METHYLGUANOSINE-P3-ADENOSINE-5',5'-TRIPHOSPHATE"
,,SAM,S-ADENOSYLMETHIONINE
,,ZN,ZINC ION
7KPH,1.46,,
7KQW,0.93,,
7KQO,0.85,,
7KR0,0.77,,
7KQP,0.88,AR6,"[(2R,3S,4R,5R)-5-(6-AMINOPURIN-9-YL)-3,4-DIHYDROXY-OXOLAN-2-YL]METHYL
[HYDROXY-[[(2R,3S,4R,5S)-3,4,5-TRIHYDROXYOXOLAN-2-YL]METHOXY]PHOSPHORYL] HYDROGEN PHOSPHATE"
7KR1,1.55,,
7KVR,2.12,DMS,DIMETHYL SULFOXIDE
,,PEG,DI(HYDROXYETHYL)ETHER
,,X4V,"N~4~,N~4~-dimethylpyridine-2,4-diamine"
7KVL,2.09,PEG,DI(HYDROXYETHYL)ETHER
,,X4P,2-chloropyridine-4-carboxamide
,,DMS,DIMETHYL SULFOXIDE
,,SER,SERINE
7KXB,1.55,XB1,"N-{3-[(1,3-dimethyl-2,6-dioxo-2,3,6,9-tetrahydro-1H-purin-8-yl)sulfanyl]propyl}-N'-[2-(morpholin-4-yl)ethyl]thiourea"
,,BME,BETA-MERCAPTOETHANOL
,,SO4,SULFATE ION
7KYU,1.48,XC4,1-[(1H-indole-5-carbonyl)oxy]-1H-benzotriazole
,,EDO,"1,2-ETHANEDIOL"
7LDX,2.23,PEG,DI(HYDROXYETHYL)ETHER
,,DMS,DIMETHYL SULFOXIDE
,,R9V,(3-endo)-8-benzyl-8-azabicyclo[3.2.1]octan-3-ol
7LFP,2.2,DMS,DIMETHYL SULFOXIDE
,,PEG,DI(HYDROXYETHYL)ETHER
,,XY4,N-phenyl-N'-propan-2-ylurea
7LFE,2.79,PEG,DI(HYDROXYETHYL)ETHER
,,DMS,DIMETHYL SULFOXIDE
,,XWS,"(2R,4R)-1-phenylhexahydropyrimidine-2,4-diol"
7LGO,2.45,,
7LKT,1.5,Y7M,"(1S,2S)-2-((S)-2-(((adamantan-1-ylmethoxy)carbonyl)amino)-4-methylpentanamido)-1-hydroxy-3-((S)-2-oxopyrrolidin-3-yl)propane-1-sulfonic acid"
,,Y4V,"(1R,2S)-2-((S)-2-(((adamantan-1-ylmethoxy)carbonyl)amino)-4-methylpentanamido)-1-hydroxy-3-((S)-2-oxopyrrolidin-3-yl)propane-1-sulfonic acid"
,,FLC,CITRATE ANION
,,PG4,TETRAETHYLENE GLYCOL
7LKU,1.65,Y4D,"(1R,2S)-2-((S)-2-(((((1R,3s,5S)-bicyclo[3.3.1]nonan-3-yl)methoxy)carbonyl)amino)-4-methylpentanamido)-1-hydroxy-3-((S)-2-oxopyrrolidin-3-yl)propane-1-sulfonic acid"
,,Y5S,"(1S,2S)-2-((S)-2-(((((1R,3s,5S)-bicyclo[3.3.1]nonan-3-yl)methoxy)carbonyl)amino)-4-methylpentanamido)-1-hydroxy-3-((S)-2-oxopyrrolidin-3-yl)propane-1-sulfonic acid"
,,Y8Y,"(1R,2S)-2-((S)-2-(((((1R,3r,5S)-bicyclo[3.3.1]nonan-3-yl)methoxy)carbonyl)amino)-4-methylpentanamido)-1-hydroxy-3-((S)-2-oxopyrrolidin-3-yl)propane-1-sulfonic acid"
,,Y91,"(1S,2S)-2-((S)-2-(((((1R,3r,5S)-bicyclo[3.3.1]nonan-3-yl)methoxy)carbonyl)amino)-4-methylpentanamido)-1-hydroxy-3-((S)-2-oxopyrrolidin-3-yl)propane-1-sulfonic acid"
7LKR,1.65,Y4D,"(1R,2S)-2-((S)-2-(((((1R,3s,5S)-bicyclo[3.3.1]nonan-3-yl)methoxy)carbonyl)amino)-4-methylpentanamido)-1-hydroxy-3-((S)-2-oxopyrrolidin-3-yl)propane-1-sulfonic acid"
,,Y5S,"(1S,2S)-2-((S)-2-(((((1R,3s,5S)-bicyclo[3.3.1]nonan-3-yl)methoxy)carbonyl)amino)-4-methylpentanamido)-1-hydroxy-3-((S)-2-oxopyrrolidin-3-yl)propane-1-sulfonic acid"
,,Y8Y,"(1R,2S)-2-((S)-2-(((((1R,3r,5S)-bicyclo[3.3.1]nonan-3-yl)methoxy)carbonyl)amino)-4-methylpentanamido)-1-hydroxy-3-((S)-2-oxopyrrolidin-3-yl)propane-1-sulfonic acid"
,,Y91,"(1S,2S)-2-((S)-2-(((((1R,3r,5S)-bicyclo[3.3.1]nonan-3-yl)methoxy)carbonyl)amino)-4-methylpentanamido)-1-hydroxy-3-((S)-2-oxopyrrolidin-3-yl)propane-1-sulfonic acid"
,,PG4,TETRAETHYLENE GLYCOL
7LKS,1.7,Y7G,"(1S,2S)-2-((S)-2-(((((1R,2S,4S)-bicyclo[2.2.1]heptan-2-yl)methoxy)carbonyl)amino)-4-methylpentanamido)-1-hydroxy-3-((S)-2-oxopyrrolidin-3-yl)propane-1-sulfonic acid"
,,Y4P,"(1R,2S)-2-((S)-2-(((((1R,2S,4S)-bicyclo[2.2.1]heptan-2-yl)methoxy)carbonyl)amino)-4-methylpentanamido)-1-hydroxy-3-((S)-2-oxopyrrolidin-3-yl)propane-1-sulfonic acid"
,,PG4,TETRAETHYLENE GLYCOL
7LKX,1.6,Y51,"(1R,2S)-2-((S)-2-(((((1S,2S,4S)-bicyclo[2.2.1]hept-5-en-2-yl)methoxy)carbonyl)amino)-4-methylpentanamido)-1-hydroxy-3-((S)-2-oxopyrrolidin-3-yl)propane-1-sulfonic acid"
,,Y71,"(1S,2S)-2-((S)-2-(((((1S,2S,4S)-bicyclo[2.2.1]hept-5-en-2-yl)methoxy)carbonyl)amino)-4-methylpentanamido)-1-hydroxy-3-((S)-2-oxopyrrolidin-3-yl)propane-1-sulfonic acid"
,,PG4,TETRAETHYLENE GLYCOL
7LKV,1.55,Y4J,"(1R,2S)-2-((S)-2-(((((1R,3R,5S)-bicyclo[3.3.1]non-6-en-3-yl)methoxy)carbonyl)amino)-4-methylpentanamido)-1-hydroxy-3-((S)-2-oxopyrrolidin-3-yl)propane-1-sulfonic acid"
,,Y64,"(1S,2S)-2-((S)-2-(((((1R,3R,5S)-bicyclo[3.3.1]non-6-en-3-yl)methoxy)carbonyl)amino)-4-methylpentanamido)-1-hydroxy-3-((S)-2-oxopyrrolidin-3-yl)propane-1-sulfonic acid"
,,EDO,"1,2-ETHANEDIOL"
7LKW,1.7,Y8S,"(1R,2S)-2-((S)-2-(((((1R,3S,5S)-bicyclo[3.3.1]non-6-en-3-yl)methoxy)carbonyl)amino)-4-methylpentanamido)-1-hydroxy-3-((S)-2-oxopyrrolidin-3-yl)propane-1-sulfonic acid"
,,Y8V,"(1S,2S)-2-((S)-2-(((((1R,3S,5S)-bicyclo[3.3.1]non-6-en-3-yl)methoxy)carbonyl)amino)-4-methylpentanamido)-1-hydroxy-3-((S)-2-oxopyrrolidin-3-yl)propane-1-sulfonic acid"
,,CL,CHLORIDE ION
,,PO4,PHOSPHATE ION
6XIP,1.5,EDO,"1,2-ETHANEDIOL"
6XKF,1.8,EDO,"1,2-ETHANEDIOL"
,,CL,CHLORIDE ION
6XKH,1.28,EDO,"1,2-ETHANEDIOL"
,,FMT,FORMIC ACID
,,ACT,ACETATE ION
6XKM,2.25,CL,CHLORIDE ION
,,SAM,S-ADENOSYLMETHIONINE
,,ZN,ZINC ION
6XR3,1.45,V7G,"N-[(2S)-1-({(1S,2S)-1-(1,3-benzothiazol-2-yl)-1-hydroxy-3-[(3S)-2-oxopyrrolidin-3-yl]propan-2-yl}amino)-4-methyl-1-oxopentan-2-yl]-4-methoxy-1H-indole-2-carboxamide"
7AKU,2.5,RN2,Calpeptin
,,CL,CHLORIDE ION
7ALI,1.65,,
7ALH,1.65,,
7AP6,1.78,RQN,4-(4-ethyl-5-fluoranyl-2-oxidanyl-phenoxy)-3-fluoranyl-benzamide
7B3E,1.77,EDO,"1,2-ETHANEDIOL"
,,CL,CHLORIDE ION
,,MYC,"3,5,7-TRIHYDROXY-2-(3,4,5-TRIHYDROXYPHENYL)-4H-CHROMEN-4-ONE"
,,NA,SODIUM ION
7AVD,1.8,CL,CHLORIDE ION
,,S1W,3-[[5-[3-(dimethylamino)phenoxy]pyrimidin-2-yl]amino]phenol
7AWR,1.34,S7W,TEGAFUR
,,DMS,DIMETHYL SULFOXIDE
7K40,1.35,U5G,boceprevir (bound form)
,,DMS,DIMETHYL SULFOXIDE
7CBT,2.346,K36,"(1S,2S)-2-({N-[(benzyloxy)carbonyl]-L-leucyl}amino)-1-hydroxy-3-[(3S)-2-oxopyrrolidin-3-yl]propane-1-sulfonic acid"
7D1O,1.78,NNA,"(1R,2S,5S)-3-[N-({1-[(tert-butylsulfonyl)methyl]cyclohexyl}carbamoyl)-3-methyl-L-valyl]-N-{(1S)-1-[(1R)-2-(cyclopropyla
mino)-1-hydroxy-2-oxoethyl]pentyl}-6,6-dimethyl-3-azabicyclo[3.1.0]hexane-2-carboxamide"
7D47,1.97,ZN,ZINC ION
,,CA,CALCIUM ION
7CWC,2.1,,
7CWB,1.9,,
7JFQ,1.55,EDO,"1,2-ETHANEDIOL"
,,FMT,FORMIC ACID
6Z2E,1.7,Q5T,"(4~{S})-4-[[(2~{S})-2-[[(2~{S})-2-[[(2~{S})-2-[3-[2-[2-[2-[2-[5-[(3~{a}~{S},4~{R},6~{a}~{R})-2-oxidanylidene-3,3~{a},4,6~{a}-tetrahydro-1~{H}-thieno[3,4-d]imidazol-4-yl]pentanoylamino]ethoxy]ethoxy]ethoxy]ethoxy]propanoylamino]butanoyl]amino]-3,3-dimethyl-butanoyl]amino]-4-methyl-pentanoyl]amino]-6-methylsulfonyl-hexanamide"
,,CL,CHLORIDE ION
,,NA,SODIUM ION
7BF5,2.05,MG,MAGNESIUM ION
,,A2R,"[(2R,3R,4R,5R)-5-(6-AMINO-9H-PURIN-9-YL)-3-HYDROXY-4-(PHOSPHONOOXY)TETRAHYDROFURAN-2-YL]METHYL [(2R,3S,4R,5R)-3,4,5-TRIHYDROXYTETRAHYDROFURAN-2-YL]METHYL DIHYDROGEN DIPHOSPHATE"
,,EDO,"1,2-ETHANEDIOL"
7BF6,2.15,U08,"(2~{R},3~{R},4~{S},5~{R})-2-(4-azanylpyrrolo[2,1-f][1,2,4]triazin-7-yl)-5-(hydroxymethyl)-3,4-bis(oxidanyl)oxolane-2-carbonitrile"
,,EDO,"1,2-ETHANEDIOL"
7BF4,1.55,5GP,GUANOSINE-5'-MONOPHOSPHATE
,,EDO,"1,2-ETHANEDIOL"
7BUY,1.6,JRY,hexylcarbamic acid
,,DMS,DIMETHYL SULFOXIDE
6YWM,2.16,MES,2-(N-MORPHOLINO)-ETHANESULFONIC ACID
,,EDO,"1,2-ETHANEDIOL"
,,MG,MAGNESIUM ION
6YWL,2.5,APR,ADENOSINE-5-DIPHOSPHORIBOSE
,,EDO,"1,2-ETHANEDIOL"
,,MG,MAGNESIUM ION
6YWK,2.2,EDO,"1,2-ETHANEDIOL"
,,MG,MAGNESIUM ION
,,EPE,4-(2-HYDROXYETHYL)-1-PIPERAZINE ETHANESULFONIC ACID
7JQB,2.7,,
7JQC,3.3,,
6XA9,2.9,GOL,GLYCEROL
,,ZN,ZINC ION
6XAA,2.7,ZN,ZINC ION
7JHE,2.25,CL,CHLORIDE ION
,,SAH,S-ADENOSYL-L-HOMOCYSTEINE
,,V9G,7-METHYL-GUANOSINE-5'-TRIPHOSPHATE-5'-(2'-O-METHYL)-ADENOSINE
,,MGP,7-METHYL-GUANOSINE-5'-TRIPHOSPHATE
,,ZN,ZINC ION
7JIB,2.65,CL,CHLORIDE ION
,,SAM,S-ADENOSYLMETHIONINE
,,SAH,S-ADENOSYL-L-HOMOCYSTEINE
,,GTA,"P1-7-METHYLGUANOSINE-P3-ADENOSINE-5',5'-TRIPHOSPHATE"
,,V9G,7-METHYL-GUANOSINE-5'-TRIPHOSPHATE-5'-(2'-O-METHYL)-ADENOSINE
,,MGP,7-METHYL-GUANOSINE-5'-TRIPHOSPHATE
,,ZN,ZINC ION
7JYY,2.05,SAM,S-ADENOSYLMETHIONINE
,,MG,MAGNESIUM ION
,,NA,SODIUM ION
,,CL,CHLORIDE ION
,,FMT,FORMIC ACID
,,ZN,ZINC ION
7JZ0,2.15,SAH,S-ADENOSYL-L-HOMOCYSTEINE
,,NA,SODIUM ION
,,CL,CHLORIDE ION
,,FMT,FORMIC ACID
,,ZN,ZINC ION
7KMI,1.73,GOL,GLYCEROL
,,NAG,2-acetamido-2-deoxy-beta-D-glucopyranose
7KMG,2.16,GOL,GLYCEROL
7KMH,1.72,NAG,2-acetamido-2-deoxy-beta-D-glucopyranose
,,GOL,GLYCEROL
,,PRO,PROLINE
7L1F,3.89,,
6XDH,2.35,ACT,ACETATE ION
,,CIT,CITRIC ACID
,,FMT,FORMIC ACID
,,EDO,"1,2-ETHANEDIOL"
7AK4,1.63,CB1,"5-(AZIRIDIN-1-YL)-2,4-DINITROBENZAMIDE"
,,DMS,DIMETHYL SULFOXIDE
,,CL,CHLORIDE ION
7AMJ,1.59,CL,CHLORIDE ION
,,DMS,DIMETHYL SULFOXIDE
,,RMZ,"(3~{S})-3-[2-[4-(3,4-dimethylphenyl)piperazin-1-yl]ethyl]-2,3-dihydroisoindol-1-one"
7ANS,1.7,DMS,DIMETHYL SULFOXIDE
,,RNW,2-[(diphenylmethyl)-oxidanyl-$l^{3}-sulfanyl]-~{N}-oxidanyl-ethanamide
7APH,1.65,RT2,Tofogliflozin
,,DMS,DIMETHYL SULFOXIDE
,,CL,CHLORIDE ION
7ARF,2,RVW,"(2~{S},3~{R},4~{R},5~{S},6~{S})-2-(hydroxymethyl)-6-sulfanyl-oxane-3,4,5-triol"
,,DMS,DIMETHYL SULFOXIDE
,,CL,CHLORIDE ION
7AR5,1.4,DMS,DIMETHYL SULFOXIDE
7AR6,1.4,CL,CHLORIDE ION
,,DMS,DIMETHYL SULFOXIDE
7AQJ,2.59,S7H,"1-[(2~{R})-2-oxidanylpropyl]-3-[[(2~{R})-oxiran-2-yl]methyl]-5-[[(2~{S})-oxiran-2-yl]methyl]-1,3,5-triazinane-2,4,6-trione"
,,RV8,Triglycidyl isocyanurate
7AQI,1.7,QEL,"4-[(1R,2S)-2-(4-benzylpiperidin-1-yl)-1-hydroxypropyl]phenol"
,,DMS,DIMETHYL SULFOXIDE
,,IMD,IMIDAZOLE
7AXM,1.4,DMS,DIMETHYL SULFOXIDE
,,93J,(2E)-N-{4-[(3-chloro-4-fluorophenyl)amino]-3-cyano-7-ethoxyquinolin-6-yl}-4-(dimethylamino)but-2-enamide
,,IMD,IMIDAZOLE
7AWU,2.07,S8B,~{N}-propan-2-yl-5-(2-pyridin-4-ylethynyl)pyridine-2-carboxamide
,,CL,CHLORIDE ION
7AX6,1.95,S8H,(2~{S})-2-azanyl-5-oxidanylidene-5-[[(2~{S})-1-oxidanylidene-1-[(2-oxidanylidene-2-propan-2-yloxy-ethyl)amino]-3-sulfanyl-propan-2-yl]amino]pentanoic acid
,,DMS,DIMETHYL SULFOXIDE
,,IMD,IMIDAZOLE
7AWW,1.65,CLU,"2,6-DICHLORO-N-IMIDAZOLIDIN-2-YLIDENEANILINE"
,,DMS,DIMETHYL SULFOXIDE
7AWS,1.81,S8E,"5-[[(2-bromoethylamino)-(ethylamino)phosphoryl]oxymethyl]-1-methyl-~{N},~{N}-bis(oxidanyl)imidazol-2-amine"
,,DMS,DIMETHYL SULFOXIDE
,,CL,CHLORIDE ION
7AY7,1.55,S8T,"9-fluoranyl-3-propan-2-yl-5,6-dihydrobenzo[b][1]benzothiepine"
,,DMS,DIMETHYL SULFOXIDE
,,IMD,IMIDAZOLE
,,PEG,DI(HYDROXYETHYL)ETHER
7AXO,1.65,DMS,DIMETHYL SULFOXIDE
,,QCP,AR-42
7JPE,2.18,GTA,"P1-7-METHYLGUANOSINE-P3-ADENOSINE-5',5'-TRIPHOSPHATE"
,,SAM,S-ADENOSYLMETHIONINE
,,8NK,7-methylguanosine 5'-diphosphate
,,ZN,ZINC ION
7C8V,2.15,GOL,GLYCEROL
,,NAG,2-acetamido-2-deoxy-beta-D-glucopyranose
7C8W,2.77,GOL,GLYCEROL
7CAN,2.94,GOL,GLYCEROL
7CTT,3.2,ZN,ZINC ION
,,MG,MAGNESIUM ION
,,GE6,"[[(2~{R},3~{S},4~{R},5~{R})-5-(3-aminocarbonyl-5-fluoranyl-2-oxidanylidene-pyrazin-1-yl)-3,4-bis(oxidanyl)oxolan-2-yl]methoxy-oxidanyl-phosphoryl] phosphono hydrogen phosphate"
7C2I,2.5,SAM,S-ADENOSYLMETHIONINE
,,ZN,ZINC ION
7C2J,2.799,SAM,S-ADENOSYLMETHIONINE
,,ZN,ZINC ION
7BTF,2.95,ZN,ZINC ION
7A1U,1.67,FUA,FUSIDIC ACID
,,DMS,DIMETHYL SULFOXIDE
,,IMD,IMIDAZOLE
7ABU,1.6,R6Q,"1'-[2-[4-(trifluoromethyl)phenyl]ethyl]spiro[1~{H}-3,1-benzoxazine-4,4'-piperidine]-2-one"
,,IMD,IMIDAZOLE
,,DMS,DIMETHYL SULFOXIDE
7ADW,1.63,DMS,DIMETHYL SULFOXIDE
,,R7Q,2-methyl-1-(4-methylphenyl)propan-1-one
,,IMD,IMIDAZOLE
,,CL,CHLORIDE ION
7AF0,1.7,DMS,DIMETHYL SULFOXIDE
,,CL,CHLORIDE ION
,,R9W,"2,3,5,6,7,8-hexahydro-1~{H}-cyclopenta[b]quinolin-9-amine"
7AGA,1.68,LZE,"4-{[(2,6-dichlorophenyl)carbonyl]amino}-N-piperidin-4-yl-1H-pyrazole-3-carboxamide"
,,CL,CHLORIDE ION
,,DMS,DIMETHYL SULFOXIDE
7AHA,1.68,CL,CHLORIDE ION
,,DMS,DIMETHYL SULFOXIDE
,,SIN,SUCCINIC ACID
7JJC,2.36,PEG,DI(HYDROXYETHYL)ETHER
,,GOL,GLYCEROL
6VSB,3.46,NAG,2-acetamido-2-deoxy-beta-D-glucopyranose
6WAQ,2.2,NAG,2-acetamido-2-deoxy-beta-D-glucopyranose
7D30,2.1,GOL,GLYCEROL
,,ACT,ACETATE ION
,,1PE,PENTAETHYLENE GLYCOL
,,BU2,"1,3-BUTANEDIOL"
,,CD,CADMIUM ION
6YZ6,1.7,DMS,DIMETHYL SULFOXIDE
,,IMD,IMIDAZOLE
,,CL,CHLORIDE ION
6ZOK,2.8,MG,MAGNESIUM ION
,,ZN,ZINC ION
6W2A,1.65,VDJ,"[4,4-bis(fluoranyl)cyclohexyl]methyl ~{N}-[(2~{S})-1-[[(1~{R},2~{S})-1-[bis(oxidanyl)-oxidanylidene-$l^{5}-sulfanyl]-1-oxidanyl-3-[(3~{S})-2-oxidanylidenepyrrolidin-3-yl]propan-2-yl]amino]-4-methyl-1-oxidanylidene-pentan-2-yl]carbamate"
,,QYS,"(1S,2S)-2-[(N-{[(4,4-difluorocyclohexyl)methoxy]carbonyl}-L-leucyl)amino]-1-hydroxy-3-[(3S)-2-oxopyrrolidin-3-yl]propane-1-sulfonic acid"
7D6H,1.6,ZN,ZINC ION
,,PO4,PHOSPHATE ION
7D7T,3.15,ZN,ZINC ION
,,GYX,N-[(3-acetamidophenyl)methyl]-1-[(1R)-1-naphthalen-1-ylethyl]piperidine-4-carboxamide
7JU7,1.6,G65,Masitinib
,,DMS,DIMETHYL SULFOXIDE
,,GOL,GLYCEROL
6XBI,1.7,GOL,GLYCEROL
,,NA,SODIUM ION
,,DMS,DIMETHYL SULFOXIDE
6XBH,1.6,GOL,GLYCEROL
,,NA,SODIUM ION
6XBG,1.45,GOL,GLYCEROL
,,NA,SODIUM ION
6XFN,1.7,GOL,GLYCEROL
7NFV,1.42,ZN,ZINC ION
,,GOL,GLYCEROL
,,CL,CHLORIDE ION
,,PO4,PHOSPHATE ION
6W61,2,CL,CHLORIDE ION
,,EDO,"1,2-ETHANEDIOL"
,,SAM,S-ADENOSYLMETHIONINE
,,ZN,ZINC ION
6W63,2.1,X77,N-(4-tert-butylphenyl)-N-[(1R)-2-(cyclohexylamino)-2-oxo-1-(pyridin-3-yl)ethyl]-1H-imidazole-4-carboxamide
7JLT,2.7,,
7LB7,"2, 2.4",SV6,"(1S,3aR,6aS)-2-[(2S)-2-({(2S)-2-cyclohexyl-2-[(pyrazin-2-ylcarbonyl)amino]acetyl}amino)-3,3-dimethylbutanoyl]-N-[(2R,3S)-1-(cyclopropylamino)-2-hydroxy-1-oxohexan-3-yl]octahydrocyclopenta[c]pyrrole-1-carboxamide"
7LG7,2.3,XYJ,"3-[(1,3-dimethyl-2,6-dioxo-2,3,6,9-tetrahydro-1H-purin-8-yl)sulfanyl]-N-{[2-(morpholin-4-yl)ethyl]sulfonyl}propanamide"
,,SO4,SULFATE ION
7K0F,1.65,VR4,"N-{(2S,3R)-4-(benzylamino)-3-hydroxy-4-oxo-1-[(3S)-2-oxopyrrolidin-3-yl]butan-2-yl}-N~2~-[(benzyloxy)carbonyl]-L-leucinamide"
,,PG4,TETRAETHYLENE GLYCOL
7K1O,2.4,VQV,"1-(3,5-di-O-phosphono-alpha-L-xylofuranosyl)pyrimidine-2,4(1H,3H)-dione"
,,EDO,"1,2-ETHANEDIOL"
7JR3,1.55,,
7JR4,1.55,DMS,DIMETHYL SULFOXIDE
7JRN,2.48,TTT,5-amino-2-methyl-N-[(1R)-1-naphthalen-1-ylethyl]benzamide
,,ZN,ZINC ION
,,SO4,SULFATE ION
7C7P,1.74,SV6,"(1S,3aR,6aS)-2-[(2S)-2-({(2S)-2-cyclohexyl-2-[(pyrazin-2-ylcarbonyl)amino]acetyl}amino)-3,3-dimethylbutanoyl]-N-[(2R,3S)-1-(cyclopropylamino)-2-hydroxy-1-oxohexan-3-yl]octahydrocyclopenta[c]pyrrole-1-carboxamide"
,,CL,CHLORIDE ION
,,FK3,"(3~{S},3~{a}~{S},6~{a}~{R})-~{N}-[(2~{R},3~{S})-1-(cyclopropylamino)-2-oxidanyl-1-oxidanylidene-hexan-3-yl]-2-methanoyl-3,3~{a},4,5,6,6~{a}-hexahydro-1~{H}-cyclopenta[c]pyrrole-3-carboxamide"
7C8T,2.05,NOL,N-[(BENZYLOXY)CARBONYL]-O-(TERT-BUTYL)-L-THREONYL-3-CYCLOHEXYL-N-[(1S)-2-HYDROXY-1-{[(3S)-2-OXOPYRROLIDIN-3-YL]METHYL}ETHYL]-L-ALANINAMIDE
7C8R,2.3,TG3,"ethyl (4R)-4-[[(2S)-4-methyl-2-[[(2S,3R)-3-[(2-methylpropan-2-yl)oxy]-2-(phenylmethoxycarbonylamino)butanoyl]amino]pentanoyl]amino]-5-[(3S)-2-oxidanylidenepyrrolidin-3-yl]pentanoate"
7CJM,3.2,TTT,5-amino-2-methyl-N-[(1R)-1-naphthalen-1-ylethyl]benzamide
,,ZN,ZINC ION
7COM,2.25,U5G,boceprevir (bound form)
7D3I,2.004,GQU,"(3~{S},3~{a}~{S},6~{a}~{R})-2-[3-[3,5-bis(fluoranyl)phenyl]propanoyl]-~{N}-[(2~{S})-1-oxidanylidene-3-[(3~{S})-2-oxidanylidenepyrrolidin-3-yl]propan-2-yl]-3,3~{a},4,5,6,6~{a}-hexahydro-1~{H}-cyclopenta[c]pyrrole-3-carboxamide"
,,TRS,"2-AMINO-2-HYDROXYMETHYL-PROPANE-1,3-DIOL"
7C8B,2.2,CL,CHLORIDE ION
7LBR,2.2,ZN,ZINC ION
,,SO4,SULFATE ION
,,XT7,"5-[(azetidin-3-yl)amino]-N-[(1R)-1-{3-[5-({[(1S,3R)-3-hydroxycyclopentyl]amino}methyl)thiophen-2-yl]phenyl}ethyl]-2-methylbenzamide"
,,GOL,GLYCEROL
7BF3,2,EDO,"1,2-ETHANEDIOL"
,,ADN,ADENOSINE
,,MG,MAGNESIUM ION
6XA4,1.65,GOL,GLYCEROL
7L6T,1.78,MG,MAGNESIUM ION
,,CL,CHLORIDE ION
,,FMT,FORMIC ACID
,,SAH,S-ADENOSYL-L-HOMOCYSTEINE
,,GLC,alpha-D-glucopyranose
,,ZN,ZINC ION
,,BDF,beta-D-fructopyranose
7LBN,1.76,SO4,SULFATE ION
6XHM,1.406,V2M,N-[(2S)-1-({(2S)-4-hydroxy-3-oxo-1-[(3S)-2-oxopyrrolidin-3-yl]butan-2-yl}amino)-4-methyl-1-oxopentan-2-yl]-4-methoxy-1H-indole-2-carboxamide
,,EDO,"1,2-ETHANEDIOL"
6M1V,1.5,,
5RUC,1,NCA,NICOTINAMIDE
7L5D,1.58,XNJ,"N-(4-methyl-3-{[4-(pyridin-3-yl)-1,3-thiazol-2-yl]amino}phenyl)-4-[(piperazin-1-yl)methyl]benzamide"
,,DMS,DIMETHYL SULFOXIDE
,,GOL,GLYCEROL
7KX5,2.6,X7V,"N-([1,1'-biphenyl]-4-yl)-N-[(1R)-2-oxo-2-{[(1S)-1-phenylethyl]amino}-1-(pyridin-3-yl)ethyl]furan-2-carboxamide"
,,GOL,GLYCEROL
7LBS,2.8,XR8,5-[(azetidin-3-yl)amino]-2-methyl-N-[(1R)-1-(3-{5-[(pyrrolidin-1-yl)methyl]thiophen-2-yl}phenyl)ethyl]benzamide
,,ZN,ZINC ION
,,SO4,SULFATE ION
,,BO3,BORIC ACID
,,GOL,GLYCEROL
7LLF,2.3,ZN,ZINC ION
,,SO4,SULFATE ION
,,BO3,BORIC ACID
,,Y54,"5-[(azetidin-3-yl)amino]-N-[(1R)-1-{3-[5-({[(1R,3S)-3-hydroxycyclopentyl]amino}methyl)thiophen-2-yl]phenyl}ethyl]-2-methylbenzamide"
,,GOL,GLYCEROL
7L6R,1.98,MN,MANGANESE (II) ION
,,CL,CHLORIDE ION
,,SO4,SULFATE ION
,,SAH,S-ADENOSYL-L-HOMOCYSTEINE
,,GLC,alpha-D-glucopyranose
,,ZN,ZINC ION
,,BDF,beta-D-fructopyranose
7KZA,1.69,CL,CHLORIDE ION
,,GOL,GLYCEROL
,,NA,SODIUM ION
,,PO4,PHOSPHATE ION
6M3W,3.9,NAG,2-acetamido-2-deoxy-beta-D-glucopyranose
7JN5,2.705,PO4,PHOSPHATE ION
,,NAG,2-acetamido-2-deoxy-beta-D-glucopyranose
7KIP,3.39,NAG,2-acetamido-2-deoxy-beta-D-glucopyranose
6ZOL,2.8,MG,MAGNESIUM ION
,,ZN,ZINC ION
6ZHD,"3.7, 3.7",NAG,2-acetamido-2-deoxy-beta-D-glucopyranose
5S1K,1.076,WQ7,1-(2-aminoethyl)pyridin-2(1H)-one
5S1M,1.184,DE5,"2-azanyl-~{N}-(1,3-thiazol-2-yl)ethanamide"
5S1O,1.09,WQA,"2H-pyrazolo[3,4-b]pyridin-5-amine"
,,DMS,DIMETHYL SULFOXIDE
5S20,1.037,WRD,"(5R)-5-amino-5,6,7,8-tetrahydronaphthalen-1-ol"
5S1Q,1.127,WQG,quinazolin-4(3H)-one
5S22,1.175,WRJ,2H-1-benzopyran-3-carboxamide
5S1C,1.174,WPV,1-(5-bromopyridin-3-yl)methanamine
,,DMS,DIMETHYL SULFOXIDE
5S1E,1.172,WPY,"N-(1,3-thiazol-2-yl)acetamide"
,,DMS,DIMETHYL SULFOXIDE
5S1G,1.11,WQ1,(4-methylpyridin-3-yl)methanol
5S1I,1.068,WQ4,"5-amino-2-methyl-1,3-oxazole-4-carbonitrile"
,,DMS,DIMETHYL SULFOXIDE
5S1A,1.079,WPS,5-amino-3-methyl-1H-pyrazole-4-carbonitrile
5S18,1.13,WOY,"6,7-dihydro-5H-pyrrolo[2,3-d]pyrimidine"
,,DMS,DIMETHYL SULFOXIDE
5S2M,1.136,VZY,N-(3-methylbenzene-1-carbonyl)glycine
5S2L,1.085,VZS,"N-(2-methoxy-5-methylphenyl)-N'-4H-1,2,4-triazol-4-ylurea"
5S2O,1.091,NXS,[1-(pyrimidin-2-yl)piperidin-4-yl]methanol
5S30,1.19,W0P,(2R)-2-(2-fluorophenoxy)propanoic acid
5S2N,1.133,GWY,5-chloranyl-~{N}-methyl-~{N}-[[(3~{S})-oxolan-3-yl]methyl]pyrimidin-4-amine
5S2Q,1.28,W0A,N-[(1H-benzimidazol-2-yl)methyl]butanamide
5S32,1.166,W0V,N-[(1H-benzimidazol-2-yl)methyl]-2-methylpropanamide
5S2P,1.033,W04,N~2~-methyl-N-(4-methylpyridin-2-yl)glycinamide
5S31,1.145,W0S,"1-(3,4,5-trimethoxyphenyl)methanamine"
5S2S,1.104,GWV,"~{N},~{N}-dimethyl-4-[(propan-2-ylamino)methyl]aniline"
5S34,1.057,GOV,"(2~{S})-1-(1,3-benzodioxol-5-ylmethylamino)propan-2-ol"
,,DMS,DIMETHYL SULFOXIDE
5S2R,1.132,K41,2-methyl-N-(2-methyl-2H-tetrazol-5-yl)propanamide
5S33,1.06,K2G,5-chloro-2-(propan-2-yl)pyrimidine-4-carboxamide
5S2E,1.116,VZM,N-(6-methoxypyridin-3-yl)-N'-thiophen-2-ylurea
5S2G,1.19,JHJ,N-(4-methoxyphenyl)-N'-pyridin-4-ylurea
5S2F,1.186,K0G,N-phenyl-N'-pyridin-3-ylurea
5S2I,1.085,LUY,~{N}-(2-phenylethyl)-1~{H}-benzimidazol-2-amine
5S2H,1.068,VWV,"ethyl (1,1-dioxo-1lambda~6~,4-thiazinan-4-yl)acetate"
5S2K,1.097,VZP,"N-[(3R)-1,1-dioxo-1lambda~6~-thiolan-3-yl]-N-methyl-N'-propan-2-ylurea"
5S2J,1.111,JGG,N-[(4-cyanophenyl)methyl]morpholine-4-carboxamide
5S2A,1.08,WS4,N-(4-hydroxyphenyl)-1-methyl-1H-pyrazole-4-carboxamide
5S2C,1.092,WSJ,"N-(1,5-dimethyl-3-oxo-2-phenyl-2,3-dihydro-1H-pyrazol-4-yl)methanesulfonamide"
5S2B,1.11,WSG,N-(1-ethyl-1H-pyrazol-4-yl)-4-fluorobenzamide
5S1S,1.16,WQJ,"7,8-dihydro-5H-pyrano[4,3-b]pyridin-3-amine"
5S24,1.14,WRM,2-(1H-benzimidazol-1-yl)-N-methylacetamide
5S27,1.126,WSM,"4-(3-aminopropyl)-2H-1,4-benzoxazin-3(4H)-one"
5S1U,1.08,WQM,"(3S)-N-methyl-6-oxo-3,6-dihydropyridine-3-carboxamide"
,,DMS,DIMETHYL SULFOXIDE
5S26,1.125,L46,"4-acetyl-3-ethyl-N,5-dimethyl-1H-pyrrole-2-carboxamide"
5S29,1.3,WRY,"7-fluoro-N,2-dimethylquinoline-3-carboxamide"
5S1W,1.135,WQV,"N-(5-bromo-2-oxo-1,2-dihydropyridin-3-yl)acetamide"
5S28,1.09,WRV,N-(3-fluoro-4-methylphenyl)-N'-[(2S)-1-hydroxypropan-2-yl]urea
5S1Y,1.091,WQY,1-(quinolin-3-yl)methanamine
5S3N,1.185,W1V,"2-(1,3,5-trimethyl-1H-pyrazol-4-yl)acetamide"
5S3M,1.26,S2S,4-(methylsulfonylamino)benzamide
5S3P,1.1,W21,N-(cyclopentanecarbonyl)-L-alanine
5S41,1.186,HGQ,4-bromanyl-1~{H}-pyridin-2-one
5S3O,1.188,W1Y,N-methyl-1-(1-phenyl-1H-pyrazol-4-yl)methanamine
5S40,1.187,HHQ,4-iodanyl-3~{H}-pyridin-2-one
5S3R,1.038,W24,"(2S,3S)-N,2-dimethyl-1-(methylsulfonyl)piperidine-3-carboxamide"
5S43,1.11,UUJ,5-bromo-2-hydroxybenzonitrile
5S3Q,1.09,W2A,"(2R,3R)-2-methyl-1-(methylsulfonyl)piperidine-3-carbonitrile"
5S42,1.09,HH8,"4-bromanyl-1,8-naphthyridine"
,,DMS,DIMETHYL SULFOXIDE
5S3T,1.085,W2G,"(1R,2S)-2-(thiophen-3-yl)cyclopentane-1-carboxylic acid"
,,DMS,DIMETHYL SULFOXIDE
5S45,1.16,W3D,(4-bromo-2-oxopyridin-1(2H)-yl)acetic acid
5S3S,1.039,W27,"1-[(5S,8R)-6,7,8,9-tetrahydro-5H-5,8-epiminocyclohepta[b]pyridin-10-yl]ethan-1-one"
5S44,1.059,W3A,(4-bromo-1H-pyrazol-1-yl)acetic acid
5S3F,1.16,W1J,N-(2-propyl-2H-tetrazol-5-yl)furan-2-carboxamide
,,DMS,DIMETHYL SULFOXIDE
5S3E,1.05,WSY,"3-(3,5-dimethyl-1H-1,2,4-triazol-1-yl)propanoic acid"
,,DMS,DIMETHYL SULFOXIDE
5S3H,1.19,W1M,3-[(1-methyl-1H-pyrazole-3-carbonyl)amino]benzoic acid
5S3G,1.14,JHS,N-[(4-phenyloxan-4-yl)methyl]acetamide
5S3J,1.087,W1S,"(8S)-5,6,7,8-tetrahydroimidazo[1,2-a]pyridine-8-carboxamide"
5S3I,1.17,W1P,"5-methyl-2-phenyl-2,4-dihydro-3H-pyrazol-3-one"
5S3L,1.091,JH4,N-methylpyrimidin-2-amine
5S3K,1.17,RZS,6-(ethylamino)pyridine-3-carbonitrile
,,NHE,2-[N-CYCLOHEXYLAMINO]ETHANE SULFONIC ACID
5S3B,1.091,W1A,N-[(piperidin-4-yl)methyl]methanesulfonamide
5S3A,1.178,W17,1-(2-hydroxyethyl)-1H-pyrazole-4-carboxamide
,,DMS,DIMETHYL SULFOXIDE
5S3D,1.187,JFP,"N-(4-methyl-1,3-thiazol-2-yl)propanamide"
,,DMS,DIMETHYL SULFOXIDE
5S3C,1.185,W1D,(4-acetylphenoxy)acetic acid
,,DMS,DIMETHYL SULFOXIDE
5S2U,1.034,VXD,N-(3-chloro-2-methylphenyl)glycinamide
5S36,1.058,7ZC,"1-(5-methoxy-1H-indol-3-yl)-N,N-dimethyl-methanamine"
5S2T,1.108,W0D,N-[(1H-benzimidazol-2-yl)methyl]furan-2-carboxamide
5S35,1.099,B1A,~{N}-(4-phenylazanylphenyl)ethanamide
5S2W,1.081,GWP,2-cyclopropyl-1~{H}-imidazole-4-carboxamide
,,CL,CHLORIDE ION
5S38,1.072,S7J,2-(trifluoromethyl)pyrimidine-5-carboxamide
5S2V,1.081,W0G,(3R)-1-(2-fluorophenyl)-3-(methylamino)pyrrolidin-2-one
5S37,1.22,NZ1,"5-methoxy-1,3-benzothiazol-2-amine"
5S2Y,1.052,W0M,(2R)-2-(4-chlorophenoxy)propanamide
5S2X,1.06,W0J,(3R)-N-methyl-1-(pyridazin-3-yl)piperidin-3-amine
5S39,1.164,W0Y,N-methyl-4-sulfamoylbenzamide
,,DMS,DIMETHYL SULFOXIDE
5S2Z,1.07,T6J,2-[(methylsulfonyl)methyl]-1H-benzimidazole
5S4G,1.172,W3S,"[1,2,4]triazolo[4,3-a]pyridin-3-amine"
,,SO4,SULFATE ION
5S4F,1.131,W3P,"1,8-naphthyridine"
,,SO4,SULFATE ION
5S4I,1.131,W3Y,"(5S)-1-(4-chlorophenyl)-5-methylimidazolidine-2,4-dione"
5S4H,1.175,W3V,1-carbamoylpiperidine-4-carboxylic acid
5S4K,1.076,W44,"(2S,5R,6R)-7-methyl-2,3,4,5,6,7-hexahydro-1H-2,6-methanoazocino[5,4-b]indol-5-ol"
5S4J,1.124,W41,"6-chlorotetrazolo[1,5-b]pyridazine"
5S4A,1.081,4AP,4-AMINOPYRIDINE
,,DMS,DIMETHYL SULFOXIDE
5S4C,1.01,W3J,"1,4,5,6-tetrahydropyrimidin-2-amine"
,,DMS,DIMETHYL SULFOXIDE
5S4B,1.185,W3G,pyridazin-3(2H)-one
,,DMS,DIMETHYL SULFOXIDE
5S4E,1.07,DMS,DIMETHYL SULFOXIDE
,,W3M,1H-imidazole-5-carbonitrile
5S4D,1.22,2OP,(2S)-2-HYDROXYPROPANOIC ACID
,,LAC,LACTIC ACID
,,DMS,DIMETHYL SULFOXIDE
5S3V,1.119,W2M,"(2R)-1',4'-dihydro-2'H-spiro[pyrrolidine-2,3'-quinolin]-2'-one"
5S47,1.09,BAQ,pyrrolidin-2-one
5S3U,1.078,W2J,"[(3R,5R)-5-methylpiperidin-3-yl]methanol"
5S46,1.191,HYN,"imidazolidine-2,4-dione"
5S3X,1.13,W2V,"(3S,4S)-4-(3-methoxyphenyl)oxane-3-carboxylic acid"
5S49,1.03,3TR,"3-AMINO-1,2,4-TRIAZOLE"
,,DMS,DIMETHYL SULFOXIDE
5S3W,0.987,W2S,"(3R,4R)-4-(2-methylphenyl)oxolane-3-carboxylic acid"
5S48,1.074,HRZ,1~{H}-pyridin-2-one
,,DMS,DIMETHYL SULFOXIDE
5S3Z,1.31,W34,"(3R,4S)-4-(3-methoxyphenyl)oxan-3-amine"
5S3Y,1.113,W2Y,"(2S,3S)-2-methyl-1-(methylsulfonyl)piperidine-3-carboxamide"
6W79,1.46,DMS,DIMETHYL SULFOXIDE
,,X77,N-(4-tert-butylphenyl)-N-[(1R)-2-(cyclohexylamino)-2-oxo-1-(pyridin-3-yl)ethyl]-1H-imidazole-4-carboxamide
,,MES,2-(N-MORPHOLINO)-ETHANESULFONIC ACID
6YB7,1.25,DMS,DIMETHYL SULFOXIDE
6Z72,2.3,A3R, Adenosine Diphosphate (Hydroxymethyl)pyrrolidine monoalcohol
,,EDO,"1,2-ETHANEDIOL"
,,NA,SODIUM ION
,,MLT,D-MALATE
6Z5T,1.571,APR,ADENOSINE-5-DIPHOSPHORIBOSE
,,NA,SODIUM ION
7KG3,1.45,MLI,MALONATE ION
,,MES,2-(N-MORPHOLINO)-ETHANESULFONIC ACID
,,GOL,GLYCEROL
,,SO4,SULFATE ION
7CX9,1.73,GKF,3-iodanyl-1~{H}-indazole-7-carbaldehyde
,,GOL,GLYCEROL
,,CL,CHLORIDE ION
5S6Y,2.32,CIT,CITRIC ACID
,,WUJ,N-[(furan-2-yl)methyl]urea
5S6X,2.32,CIT,CITRIC ACID
,,WUG,"1-(2,4-dimethyl-1H-imidazol-5-yl)methanamine"
5S6Z,2.28,CIT,CITRIC ACID
,,WUM,"4-[(dimethylamino)methyl]-1,3-thiazol-2-amine"
5S72,2.512,CIT,CITRIC ACID
,,WUY,N-(2-aminoethyl)-N'-phenylurea
5S71,1.941,CIT,CITRIC ACID
,,WUV,5'-thiothymidine
5S70,2.327,CIT,CITRIC ACID
,,WUS,"(5R)-2-methyl-4,5,6,7-tetrahydro-1H-benzimidazol-5-amine"
7KF4,2.61,CIT,CITRIC ACID
6ZLW,2.6,ZN,ZINC ION
6ZMT,3,ZN,ZINC ION
6ZN5,3.2,ZN,ZINC ION
6ZOJ,2.8,MG,MAGNESIUM ION
,,ZN,ZINC ION
6ZON,3,ZN,ZINC ION
6ZP4,2.9,ZN,ZINC ION
,,GTP,GUANOSINE-5'-TRIPHOSPHATE
,,MG,MAGNESIUM ION
6VYO,1.7,MES,2-(N-MORPHOLINO)-ETHANESULFONIC ACID
,,CL,CHLORIDE ION
,,ZN,ZINC ION
,,GOL,GLYCEROL
6XHO,1.446,EDO,"1,2-ETHANEDIOL"
,,V34,"ethyl (2E,4S)-4-{[N-(4-methoxy-1H-indole-2-carbonyl)-L-leucyl]amino}-5-[(3S)-2-oxopyrrolidin-3-yl]pent-2-enoate"
6XHN,1.377,V3D,(3S)-3-{[N-(4-methoxy-1H-indole-2-carbonyl)-L-leucyl]amino}-2-oxo-4-[(3S)-2-oxopyrrolidin-3-yl]butyl 2-cyanobenzoate
,,EDO,"1,2-ETHANEDIOL"
6XHL,1.471,V2M,N-[(2S)-1-({(2S)-4-hydroxy-3-oxo-1-[(3S)-2-oxopyrrolidin-3-yl]butan-2-yl}amino)-4-methyl-1-oxopentan-2-yl]-4-methoxy-1H-indole-2-carboxamide
6Z6I,2,A1R,"5'-O-[(S)-{[(S)-{[(2R,3R,4S)-3,4-DIHYDROXYPYRROLIDIN-2-YL]METHOXY}(HYDROXY)PHOSPHORYL]OXY}(HYDROXY)PHOSPHORYL]ADENOSINE"
,,EDO,"1,2-ETHANEDIOL"
,,GOL,GLYCEROL
,,NA,SODIUM ION
,,MPO,3[N-MORPHOLINO]PROPANE SULFONIC ACID
6LVN,2.47,,
5RLH,2.379,ZN,ZINC ION
,,PO4,PHOSPHATE ION
,,K2P,2-(trifluoromethoxy)benzoic acid
5RLG,1.96,VW1,(2S)-2-(4-cyanophenoxy)propanamide
,,ZN,ZINC ION
,,PO4,PHOSPHATE ION
5RLJ,1.879,ZN,ZINC ION
,,PO4,PHOSPHATE ION
,,VW4,(2S)-2-phenylpropane-1-sulfonamide
5RLI,2.26,JFM,N-(2-phenylethyl)methanesulfonamide
,,ZN,ZINC ION
,,PO4,PHOSPHATE ION
5RLL,2.08,ZN,ZINC ION
,,PO4,PHOSPHATE ION
,,H04,1-(2-ethoxyphenyl)piperazine
5RLK,1.956,ZN,ZINC ION
,,PO4,PHOSPHATE ION
,,NYV,1-(propan-2-yl)-1H-imidazole-4-sulfonamide
5RLN,2.147,NZG,3-(acetylamino)-4-fluorobenzoic acid
,,ZN,ZINC ION
,,PO4,PHOSPHATE ION
5RLM,1.858,ZN,ZINC ION
,,PO4,PHOSPHATE ION
,,VW7,"N-(8-methyl-1,2,3,4-tetrahydroquinolin-5-yl)acetamide"
5RLB,1.98,VVJ,N-cycloheptyl-N-methylmethanesulfonamide
,,ZN,ZINC ION
,,PO4,PHOSPHATE ION
5RLD,2.233,ZN,ZINC ION
,,PO4,PHOSPHATE ION
,,VVY,2-phenoxy-1-(pyrrolidin-1-yl)ethan-1-one
5RLC,1.92,ZN,ZINC ION
,,PO4,PHOSPHATE ION
,,VVM,4-amino-N-phenylbenzene-1-sulfonamide
5RLF,2.235,NY7,N-(2-methoxy-5-methylphenyl)glycinamide
,,ZN,ZINC ION
,,PO4,PHOSPHATE ION
5RLE,2.268,ZN,ZINC ION
,,PO4,PHOSPHATE ION
,,VVP,4-methoxy-1H-indole
5RL8,2.21,VVG,N-(2-fluorophenyl)ethanesulfonamide
,,ZN,ZINC ION
,,PO4,PHOSPHATE ION
5RL7,1.89,VVD,5-(acetylamino)-2-fluorobenzoic acid
,,ZN,ZINC ION
,,PO4,PHOSPHATE ION
5RL9,1.788,ZN,ZINC ION
,,PO4,PHOSPHATE ION
,,UR7,1-(3-fluoro-4-methylphenyl)methanesulfonamide
5RL6,1.921,ZN,ZINC ION
,,PO4,PHOSPHATE ION
,,LJA,N-[3-(carbamoylamino)phenyl]acetamide
5RMI,2.116,STV,"~{N}-(1,3-benzodioxol-5-ylmethyl)ethanesulfonamide"
,,ZN,ZINC ION
,,PO4,PHOSPHATE ION
5RMH,2.021,VX4,"[(4S)-4-methylazepan-1-yl](1,3-thiazol-4-yl)methanone"
,,ZN,ZINC ION
,,PO4,PHOSPHATE ION
5RMK,2.08,ZN,ZINC ION
,,PO4,PHOSPHATE ION
,,O2A,N-methyl-1H-indole-7-carboxamide
5RMJ,2.1,JOV,3-chloro-N-(1-hydroxy-2-methylpropan-2-yl)benzamide
,,ZN,ZINC ION
,,PO4,PHOSPHATE ION
5RMM,2.2,ZN,ZINC ION
,,PO4,PHOSPHATE ION
,,VXG,"(3S,4R)-1-acetyl-4-phenylpyrrolidine-3-carboxylic acid"
5RML,2.43,ZN,ZINC ION
,,PO4,PHOSPHATE ION
,,VXD,N-(3-chloro-2-methylphenyl)glycinamide
5RMA,1.89,ZN,ZINC ION
,,PO4,PHOSPHATE ION
,,JHJ,N-(4-methoxyphenyl)-N'-pyridin-4-ylurea
5RMC,2.15,ZN,ZINC ION
,,PO4,PHOSPHATE ION
,,6SU,methyl 3-(methylsulfonylamino)benzoate
5RMB,2.206,VWV,"ethyl (1,1-dioxo-1lambda~6~,4-thiazinan-4-yl)acetate"
,,ZN,ZINC ION
,,PO4,PHOSPHATE ION
5RME,2.23,RYM,4-(benzimidazol-1-ylmethyl)benzenecarbonitrile
,,ZN,ZINC ION
,,PO4,PHOSPHATE ION
5RMD,1.92,VWY,N-ethyl-4-[(methylsulfonyl)amino]benzamide
,,ZN,ZINC ION
,,PO4,PHOSPHATE ION
5RMG,2.115,ZN,ZINC ION
,,PO4,PHOSPHATE ION
,,MUK,"4,6-dimethyl-~{N}-phenyl-pyrimidin-2-amine"
5RMF,2.23,NX7,"(2,6-difluorophenyl)(pyrrolidin-1-yl)methanone"
,,ZN,ZINC ION
,,PO4,PHOSPHATE ION
5RM9,2.076,ZN,ZINC ION
,,PO4,PHOSPHATE ION
,,EJQ,~{N}-(4-fluorophenyl)-2-pyrrolidin-1-yl-ethanamide
5RLW,1.97,S9S,~{N}-[2-(4-fluorophenyl)ethyl]methanesulfonamide
,,ZN,ZINC ION
,,PO4,PHOSPHATE ION
5RM8,2.143,GQJ,"methyl (2~{S},4~{R})-1-(furan-2-ylcarbonyl)-4-oxidanyl-pyrrolidine-2-carboxylate"
,,ZN,ZINC ION
,,PO4,PHOSPHATE ION
5RLZ,1.97,VWM,(3R)-1-acetyl-3-hydroxypiperidine-3-carboxylic acid
,,ZN,ZINC ION
,,PO4,PHOSPHATE ION
5RLY,2.434,K34,"5-(1,3-thiazol-2-yl)-1H-1,2,4-triazole"
,,ZN,ZINC ION
,,PO4,PHOSPHATE ION
5RLP,2.562,ZN,ZINC ION
,,PO4,PHOSPHATE ION
,,VWA,(1S)-1-(4-fluorophenyl)-N-methylethan-1-amine
5RM1,1.896,ZN,ZINC ION
,,PO4,PHOSPHATE ION
,,RY4,N-[4-(aminomethyl)phenyl]methanesulfonamide
5RLO,2.097,ZN,ZINC ION
,,PO4,PHOSPHATE ION
,,UQS,N-[(2-fluorophenyl)methyl]-1H-pyrazol-4-amine
5RM0,1.909,ZN,ZINC ION
,,PO4,PHOSPHATE ION
,,S7G,"~{N}-[(3~{R})-1,2,3,4-tetrahydroquinolin-3-yl]ethanamide"
5RLR,2.32,ZN,ZINC ION
,,PO4,PHOSPHATE ION
,,VWD,(1R)-2-(methylsulfonyl)-1-phenylethan-1-ol
5RM3,2.09,S7J,2-(trifluoromethyl)pyrimidine-5-carboxamide
,,ZN,ZINC ION
,,PO4,PHOSPHATE ION
5RLQ,2.225,UVA,N-methyl-2-(methylsulfonyl)aniline
,,ZN,ZINC ION
,,PO4,PHOSPHATE ION
5RM2,1.82,ZN,ZINC ION
,,PO4,PHOSPHATE ION
,,UXG,1-(diphenylmethyl)azetidin-3-ol
5RLT,2.43,ZN,ZINC ION
,,PO4,PHOSPHATE ION
,,UVJ,3-(2-methyl-1H-benzimidazol-1-yl)propanamide
5RM5,2.06,ZN,ZINC ION
,,PO4,PHOSPHATE ION
,,NUA,N-(1-ethyl-1H-pyrazol-4-yl)cyclobutanecarboxamide
5RLS,2.278,VWG,N-hydroxyquinoline-2-carboxamide
,,ZN,ZINC ION
,,PO4,PHOSPHATE ION
5RM4,2.96,ZN,ZINC ION
,,PO4,PHOSPHATE ION
,,PK4,"2-fluoro-N,3-dimethylbenzene-1-sulfonamide"
5RLV,2.21,VWJ,N-(propan-2-yl)-1H-benzimidazol-2-amine
,,ZN,ZINC ION
,,PO4,PHOSPHATE ION
5RM7,1.84,ZN,ZINC ION
,,PO4,PHOSPHATE ION
,,N0E,~{N}-(4-hydroxyphenyl)-3-phenyl-propanamide
5RLU,2.347,JG4,2-(thiophen-2-yl)-1H-imidazole
,,ZN,ZINC ION
,,PO4,PHOSPHATE ION
5RM6,2.128,ZN,ZINC ION
,,PO4,PHOSPHATE ION
,,HR5,"~{N}-(cyclobutylmethyl)-1,5-dimethyl-pyrazole-4-carboxamide"
6W4B,2.95,,
6WCO,1.48,MES,2-(N-MORPHOLINO)-ETHANESULFONIC ACID
,,X47,N-(4-tert-butylphenyl)-N-[(1R)-2-(cyclopentylamino)-2-oxo-1-(pyridin-3-yl)ethyl]-1H-imidazole-4-carboxamide
,,DMS,DIMETHYL SULFOXIDE
7KEG,2.9,PO4,PHOSPHATE ION
6Y84,1.39,DMS,DIMETHYL SULFOXIDE
6ZME,3,MG,MAGNESIUM ION
,,ZN,ZINC ION
,,SF4,IRON/SULFUR CLUSTER
,,ADP,ADENOSINE-5'-DIPHOSPHATE
6ZM7,2.7,MG,MAGNESIUM ION
,,ZN,ZINC ION
6ZMI,2.6,MG,MAGNESIUM ION
,,ZN,ZINC ION
6ZMO,3.1,MG,MAGNESIUM ION
,,ZN,ZINC ION
6XHC,1.6,V2G,"2-[[[(2~{R},3~{S},4~{R},5~{R})-5-(6-aminopurin-9-yl)-3,4-bis(oxidanyl)oxolan-2-yl]methoxy-oxidanyl-phosphoryl]amino]ethanoic acid"
7K9P,2.6,CIT,CITRIC ACID
7C02,2.91,NAG,2-acetamido-2-deoxy-beta-D-glucopyranose
7AIG,2.95,RE5,L-Glutamate Tenofovir
7AIJ,2.95,RFE,L-Methionine Tenofovir
7AID,3.15,REK,D-Aspartate Tenofovir
7BZ5,1.84,NAG,2-acetamido-2-deoxy-beta-D-glucopyranose
7AII,2.62,MN,MANGANESE (II) ION
,,RFE,L-Methionine Tenofovir
7AIF,2.75,MN,MANGANESE (II) ION
,,RE5,L-Glutamate Tenofovir
7AHX,2.73,MN,MANGANESE (II) ION
,,REK,D-Aspartate Tenofovir
6OQA,2.2,60Z,"(3R,4E,7E,10R,11S,12R,13S,16R,17R,24aS)-11,17-dihydroxy-10,12,16-trimethyl-3-[(2R)-1-phenylbutan-2-yl]-6,9,10,11,12,13,14,15,16,17,22,23,24,24a-tetradecahydro-3H-13,17-epoxypyrido[2,1-c][1,4]oxazacyclohenicosine-1,18,19(21H)-trione"
,,EDO,"1,2-ETHANEDIOL"
,,PEG,DI(HYDROXYETHYL)ETHER
,,PE8,"3,6,9,12,15,18,21-HEPTAOXATRICOSANE-1,23-DIOL"
,,PGE,TRIETHYLENE GLYCOL
,,PG4,TETRAETHYLENE GLYCOL
,,MG,MAGNESIUM ION
,,MLA,MALONIC ACID
6Y7M,1.9,OEW,"~{tert}-butyl ~{N}-[1-[(2~{S})-3-cyclohexyl-1-[[(2~{S},3~{R})-4-(cyclopropylamino)-3-oxidanyl-4-oxidanylidene-1-[(3~{R})-2-oxidanylidene-3,4-dihydropyrrol-3-yl]butan-2-yl]amino]-1-oxidanylidene-propan-2-yl]-2-oxidanylidene-pyridin-3-yl]carbamate"
,,DMS,DIMETHYL SULFOXIDE
6Z4I,1.6,ZN,ZINC ION
,,ACT,ACETATE ION
,,SO4,SULFATE ION
,,Q85,~{N}-[(4-methoxyphenyl)methyl]-2-selanyl-benzamide
6Z4H,1.95,ZN,ZINC ION
,,LQW,~{N}-[(4-chlorophenyl)methyl]-2-selanyl-benzamide
,,SO4,SULFATE ION
6Z4K,1.45,Q7N,~{N}-[(3-methoxyphenyl)methyl]-2-selanyl-benzamide
,,ZN,ZINC ION
,,CL,CHLORIDE ION
6Z4J,1.55,ZN,ZINC ION
,,Q7W,~{N}-[(3-chlorophenyl)methyl]-2-selanyl-benzamide
,,CL,CHLORIDE ION
6Z4M,1.55,Q8E,~{N}-[(6-methoxypyridin-3-yl)methyl]-2-selanyl-benzamide
,,ZN,ZINC ION
,,CL,CHLORIDE ION
,,SO4,SULFATE ION
6Z4L,1.6,Q8H,~{N}-(pyridin-3-ylmethyl)-2-selanyl-benzamide
,,ZN,ZINC ION
,,SO4,SULFATE ION
6Z4O,1.4,ZN,ZINC ION
,,Q7T,~{N}-(phenylmethyl)-2-selanyl-benzamide
,,SO4,SULFATE ION
6Z4G,1.45,ZN,ZINC ION
,,ACT,ACETATE ION
,,9JT,~{N}-phenyl-2-selanyl-benzamide
,,SO4,SULFATE ION
,,CL,CHLORIDE ION
6Z3V,1.25,ZN,ZINC ION
,,Q6H,5-fluoranyl-~{N}-(3-morpholin-4-ylcarbonylphenyl)-2-selanyl-benzamide
,,SO4,SULFATE ION
6M03,2,,
7LG0,2.3,P6G,HEXAETHYLENE GLYCOL
7AJP,1.382018024,GOL,GLYCEROL
,,NO3,NITRATE ION
,,EDO,"1,2-ETHANEDIOL"
,,PGE,TRIETHYLENE GLYCOL
7C8U,2.35,K36,"(1S,2S)-2-({N-[(benzyloxy)carbonyl]-L-leucyl}amino)-1-hydroxy-3-[(3S)-2-oxopyrrolidin-3-yl]propane-1-sulfonic acid"
7D4F,2.57,ZN,ZINC ION
,,H3U,"8-(3-(3-aminobenzamido)-4-methylbenzamido)naphthalene-1,3,5-trisulfonic acid"
6ZRU,2.1,DMS,DIMETHYL SULFOXIDE
,,U5G,boceprevir (bound form)
6ZRT,2.1,DMS,DIMETHYL SULFOXIDE
,,SV6,"(1S,3aR,6aS)-2-[(2S)-2-({(2S)-2-cyclohexyl-2-[(pyrazin-2-ylcarbonyl)amino]acetyl}amino)-3,3-dimethylbutanoyl]-N-[(2R,3S)-1-(cyclopropylamino)-2-hydroxy-1-oxohexan-3-yl]octahydrocyclopenta[c]pyrrole-1-carboxamide"
7C2Y,1.91,,
7C2Q,1.93,,
3R24,2,SAM,S-ADENOSYLMETHIONINE
,,ZN,ZINC ION
7LFZ,1.9,,
7LG2,2.4,GOL,GLYCEROL
,,PGE,TRIETHYLENE GLYCOL
7LG3,2.3,GOL,GLYCEROL